"","LBS","inbreeding","Qgg","sexU","stcohort","stcohort2","id","dam","cohort","DamCohort"
"1",0,0,0.5,1,-0.0513105769392951,0.0562915043269064,348,21,1,34
"2",0,0,0.5,1,-0.0513105769392941,0.0562915043269055,349,21,1,34
"3",11,0,0.5,0,-0.051310576939294,0.0562915043269012,350,21,1,34
"4",0,0,0.5,0,-0.051310576939294,0.0562915043269013,351,21,1,34
"5",0,0,0.5,1,-0.051310576939294,0.0562915043269013,354,174,1,276
"6",0,0,0.5,1,-0.051310576939294,0.0562915043269013,356,163,1,265
"7",0,0,0.5,0,-0.051310576939294,0.0562915043269013,357,169,1,271
"8",0,0,0.5,0,-0.051310576939294,0.0562915043269013,358,122,1,223
"9",0,0,0.5,1,-0.051310576939294,0.0562915043269013,359,168,1,270
"10",0,0,0.5,1,-0.051310576939294,0.0562915043269013,360,155,1,257
"11",8,0,0.5,0,-0.051310576939294,0.0562915043269013,361,173,1,275
"12",0,0,0.5,0,-0.051310576939294,0.0562915043269013,362,172,1,274
"13",0,0,0.5,0,-0.051310576939294,0.0562915043269013,363,176,1,278
"14",0,0,0.5,1,-0.051310576939294,0.0562915043269013,364,163,1,265
"15",0,0,0.5,1,-0.051310576939294,0.0562915043269013,365,116,1,217
"16",18,0,0.5,0,-0.051310576939294,0.0562915043269013,366,116,1,217
"17",0,0,0.5,1,-0.051310576939294,0.0562915043269013,367,122,1,223
"18",0,0,0.5,1,-0.051310576939294,0.0562915043269013,368,169,1,271
"19",0,0,0.5,1,-0.051310576939294,0.0562915043269013,369,149,1,251
"20",0,0,0.5,0,-0.051310576939294,0.0562915043269013,370,164,1,266
"21",0,0,0.5,0,-0.051310576939294,0.0562915043269013,371,163,1,265
"22",5,0,0.5,0,-0.051310576939294,0.0562915043269013,372,159,1,261
"23",0,0,0.5,1,-0.051310576939294,0.0562915043269013,373,159,1,261
"24",0,0,0.5,1,-0.051310576939294,0.0562915043269013,374,115,1,216
"25",0,0,0.5,0,-0.051310576939294,0.0562915043269013,375,162,1,264
"26",0,0,0.5,0,-0.051310576939294,0.0562915043269013,376,118,1,219
"27",0,0,0.5,1,-0.051310576939294,0.0562915043269013,377,118,1,219
"28",0,0,0.5,1,-0.051310576939294,0.0562915043269013,378,153,1,255
"29",7,0,0.5,0,-0.051310576939294,0.0562915043269013,379,153,1,255
"30",4,0,0.5,0,-0.051310576939294,0.0562915043269013,380,152,1,254
"31",0,0,0.5,1,-0.051310576939294,0.0562915043269013,381,172,1,274
"32",0,0,0.5,1,-0.051310576939294,0.0562915043269013,382,119,1,220
"33",0,0,0.5,1,-0.051310576939294,0.0562915043269013,383,151,1,253
"34",4,0,0.5,0,-0.051310576939294,0.0562915043269013,384,174,1,276
"35",4,0,0.5,0,-0.051310576939294,0.0562915043269013,385,170,1,272
"36",0,0,0.5,1,-0.051310576939294,0.0562915043269013,386,161,1,263
"37",0,0,0.5,1,-0.051310576939294,0.0562915043269013,387,161,1,263
"38",9,0,0.5,0,-0.051310576939294,0.0562915043269013,389,166,1,268
"39",22,0,0.5,0,-0.051310576939294,0.0562915043269013,390,154,1,256
"40",0,0,0.5,0,-0.051310576939294,0.0562915043269013,391,121,1,222
"41",0,0,0.5,0,-0.051310576939294,0.0562915043269013,392,121,1,222
"42",0,0,0.5,1,-0.051310576939294,0.0562915043269013,393,150,1,252
"43",0,0,0.5,1,-0.051310576939294,0.0562915043269013,394,177,1,279
"44",0,0,0.5,0,-0.051310576939294,0.0562915043269013,395,158,1,260
"45",7,0,0.5,0,-0.051310576939294,0.0562915043269013,396,158,1,260
"46",0,0,0.5,0,-0.051310576939294,0.0562915043269013,397,157,1,259
"47",6,0,0.5,0,-0.051310576939294,0.0562915043269013,398,178,1,280
"48",0,0,0.5,0,-0.051310576939294,0.0562915043269013,399,178,1,280
"49",0,0,0.5,0,-0.051310576939294,0.0562915043269013,400,117,1,218
"50",16,0,0.5,0,-0.051310576939294,0.0562915043269013,401,117,1,218
"51",0,0,0.5,0,-0.051310576939294,0.0562915043269013,402,165,1,267
"52",0,0,0.5,1,-0.051310576939294,0.0562915043269013,502,160,1,262
"53",0,0,0.5,1,-0.051310576939294,0.0562915043269013,503,160,1,262
"54",0,0,0.5,1,-0.051310576939294,0.0562915043269013,504,175,1,277
"55",0,0,0.5,0,-0.051310576939294,0.0562915043269013,505,123,1,224
"56",0,0,0.5,1,-0.051310576939294,0.0562915043269013,506,167,1,269
"57",0,0,0.5,1,-0.051310576939294,0.0562915043269013,507,167,1,269
"58",0,0,0.5,1,-0.051310576939294,0.0562915043269013,508,156,1,258
"59",10,0,0.5,0,-0.051310576939294,0.0562915043269013,509,120,1,221
"60",0,0,0.5,1,-0.051310576939294,0.0562915043269013,510,171,1,273
"61",0,0,0.5,0,-0.051310576939294,0.0562915043269013,511,163,1,265
"62",0,0,0.5,1,-0.051310576939294,0.0562915043269013,512,117,1,218
"63",7,0,0.5,0,-0.051310576939294,0.0562915043269013,513,117,1,218
"64",0,0,0.5,1,-0.051310576939294,0.0562915043269013,514,153,1,255
"65",0,0,0.5,1,-0.0431322712029506,0.0276608752474038,338,35,2,56
"66",0,0,0.5,1,-0.0431322712029506,0.0276608752474038,340,27,2,45
"67",0,0,0.5,1,-0.0431322712029506,0.0276608752474038,341,35,2,56
"68",0,0,0.5,1,-0.0431322712029506,0.0276608752474038,342,35,2,56
"69",0,0,0.5,1,-0.0431322712029506,0.0276608752474038,343,27,2,45
"70",0,0,0.5,0,-0.0431322712029506,0.0276608752474038,346,24,2,41
"71",0,0,0.5,0,-0.0431322712029506,0.0276608752474038,352,27,2,45
"72",0,0,0.5,0,-0.0431322712029506,0.0276608752474038,353,123,2,225
"73",0,0,0.25,0,-0.0431322712029506,0.0276608752474038,413,28,2,48
"74",0,0,0.25,1,-0.0431322712029506,0.0276608752474038,414,28,2,48
"75",0,0,0.25,0,-0.0431322712029506,0.0276608752474038,415,28,2,48
"76",0,0,0.25,1,-0.0431322712029506,0.0276608752474038,416,28,2,48
"77",0,0,0.25,1,-0.0431322712029506,0.0276608752474038,417,28,2,48
"78",0,0,0.25,1,-0.0431322712029506,0.0276608752474038,418,31,2,52
"79",0,0,0.25,0,-0.0431322712029506,0.0276608752474038,419,31,2,52
"80",0,0,0.25,0,-0.0431322712029506,0.0276608752474038,420,31,2,52
"81",0,0,0.25,1,-0.0431322712029506,0.0276608752474038,421,36,2,57
"82",0,0,0.25,1,-0.0431322712029506,0.0276608752474038,422,36,2,57
"83",0,0,0.25,0,-0.0431322712029506,0.0276608752474038,423,29,2,49
"84",0,0,0.25,1,-0.0431322712029506,0.0276608752474038,424,29,2,49
"85",0,0,0.25,0,-0.0431322712029506,0.0276608752474038,425,29,2,49
"86",0,0,0.25,0,-0.0431322712029506,0.0276608752474038,426,29,2,49
"87",0,0,0.25,1,-0.0431322712029506,0.0276608752474038,427,40,2,65
"88",0,0,0.25,1,-0.0431322712029506,0.0276608752474038,428,26,2,43
"89",5,0,0.25,0,-0.0431322712029506,0.0276608752474038,429,26,2,43
"90",0,0,0.25,1,-0.0431322712029506,0.0276608752474038,430,26,2,43
"91",0,0,0.25,1,-0.0431322712029506,0.0276608752474038,431,26,2,43
"92",0,0,0.25,1,-0.0431322712029506,0.0276608752474038,432,32,2,53
"93",0,0,0.25,0,-0.0431322712029506,0.0276608752474038,433,32,2,53
"94",3,0,0.25,0,-0.0431322712029506,0.0276608752474038,434,32,2,53
"95",0,0,0.25,1,-0.0431322712029506,0.0276608752474038,435,32,2,53
"96",0,0,0.25,1,-0.0431322712029506,0.0276608752474038,436,49,2,78
"97",0,0,0.25,0,-0.0431322712029506,0.0276608752474038,437,49,2,78
"98",0,0,0.25,0,-0.0431322712029506,0.0276608752474038,438,49,2,78
"99",0,0,0.25,0,-0.0431322712029506,0.0276608752474038,439,49,2,78
"100",0,0,0.25,0,-0.0431322712029506,0.0276608752474038,440,37,2,59
"101",0,0,0.25,1,-0.0431322712029506,0.0276608752474038,441,37,2,59
"102",0,0,0.25,1,-0.0431322712029506,0.0276608752474038,442,37,2,59
"103",3,0,0.25,0,-0.0431322712029506,0.0276608752474038,443,37,2,59
"104",0,0,0.25,1,-0.0431322712029506,0.0276608752474038,444,39,2,64
"105",0,0,0.25,0,-0.0431322712029506,0.0276608752474038,445,39,2,64
"106",0,0,0.25,1,-0.0431322712029506,0.0276608752474038,446,39,2,64
"107",0,0,0.25,0,-0.0431322712029506,0.0276608752474038,447,39,2,64
"108",0,0,0.25,1,-0.0431322712029506,0.0276608752474038,448,34,2,55
"109",0,0,0.25,1,-0.0431322712029506,0.0276608752474038,449,34,2,55
"110",0,0,0.25,0,-0.0431322712029506,0.0276608752474038,450,34,2,55
"111",0,0,0.25,1,-0.0431322712029506,0.0276608752474038,451,34,2,55
"112",0,0,0.25,1,-0.0431322712029506,0.0276608752474038,452,30,2,51
"113",0,0,0.25,0,-0.0431322712029506,0.0276608752474038,453,30,2,51
"114",0,0,0.25,0,-0.0431322712029506,0.0276608752474038,454,30,2,51
"115",0,0,0.25,1,-0.0431322712029506,0.0276608752474038,455,30,2,51
"116",0,0,0.25,0,-0.0431322712029506,0.0276608752474038,456,30,2,51
"117",0,0,0.25,1,-0.0431322712029506,0.0276608752474038,457,48,2,76
"118",0,0,0.25,1,-0.0431322712029506,0.0276608752474038,458,48,2,76
"119",14,0,0.25,0,-0.0431322712029506,0.0276608752474038,459,38,2,62
"120",0,0,0.25,0,-0.0431322712029506,0.0276608752474038,460,38,2,62
"121",0,0,0.25,1,-0.0431322712029506,0.0276608752474038,461,38,2,62
"122",0,0,0.25,1,-0.0431322712029506,0.0276608752474038,462,33,2,54
"123",0,0,0.25,0,-0.0431322712029506,0.0276608752474038,463,33,2,54
"124",0,0,0.25,1,-0.0431322712029506,0.0276608752474038,464,33,2,54
"125",0,0,0.25,0,-0.0431322712029506,0.0276608752474038,465,33,2,54
"126",0,0,0.25,1,-0.0431322712029506,0.0276608752474038,466,40,2,65
"127",0,0,0.25,1,-0.0431322712029506,0.0276608752474038,467,40,2,65
"128",0,0,0.25,1,-0.0431322712029506,0.0276608752474038,468,40,2,65
"129",0,0,0.25,1,-0.0431322712029506,0.0276608752474038,469,29,2,49
"130",0,0,0.25,1,-0.0431322712029506,0.0276608752474038,470,29,2,49
"131",0,0,0.25,1,-0.0431322712029506,0.0276608752474038,471,29,2,49
"132",0,0,0.25,1,-0.0431322712029506,0.0276608752474038,472,29,2,49
"133",4,0,0.25,0,-0.0431322712029506,0.0276608752474038,473,31,2,52
"134",0,0,0.25,1,-0.0431322712029506,0.0276608752474038,474,31,2,52
"135",0,0,0.25,0,-0.0431322712029506,0.0276608752474038,475,31,2,52
"136",0,0,0.25,1,-0.0431322712029506,0.0276608752474038,476,31,2,52
"137",0,0,0.25,1,-0.0431322712029506,0.0276608752474038,477,36,2,57
"138",0,0,0.25,1,-0.0431322712029506,0.0276608752474038,478,36,2,57
"139",4,0,0.25,0,-0.0431322712029506,0.0276608752474038,479,36,2,57
"140",0,0,0.25,0,-0.0431322712029506,0.0276608752474038,480,28,2,48
"141",0,0,0.25,1,-0.0431322712029506,0.0276608752474038,481,28,2,48
"142",0,0,0.25,0,-0.0431322712029506,0.0276608752474038,482,28,2,48
"143",0,0,0.25,1,-0.0431322712029506,0.0276608752474038,483,49,2,78
"144",3,0,0.25,0,-0.0431322712029506,0.0276608752474038,484,49,2,78
"145",0,0,0.25,0,-0.0431322712029506,0.0276608752474038,485,49,2,78
"146",0,0,0.25,0,-0.0431322712029506,0.0276608752474038,486,37,2,59
"147",0,0,0.25,0,-0.0431322712029506,0.0276608752474038,487,39,2,64
"148",0,0,0.25,1,-0.0431322712029506,0.0276608752474038,488,39,2,64
"149",0,0,0.25,0,-0.0431322712029506,0.0276608752474038,489,48,2,76
"150",0,0,0.25,1,-0.0431322712029506,0.0276608752474038,490,48,2,76
"151",0,0,0.25,1,-0.0431322712029506,0.0276608752474038,491,40,2,65
"152",0,0,0.25,0,-0.0431322712029506,0.0276608752474038,492,29,2,49
"153",0,0,0.25,1,-0.0431322712029506,0.0276608752474038,493,29,2,49
"154",0,0,0.25,1,-0.0431322712029506,0.0276608752474038,494,29,2,49
"155",0,0,0.25,1,-0.0431322712029506,0.0276608752474038,495,26,2,43
"156",0,0,0.25,0,-0.0431322712029506,0.0276608752474038,496,26,2,43
"157",0,0,0.25,0,-0.0431322712029506,0.0276608752474038,497,26,2,43
"158",0,0,0.25,1,-0.0431322712029506,0.0276608752474038,498,37,2,59
"159",0,0,0.25,0,-0.0431322712029506,0.0276608752474038,499,37,2,59
"160",0,0,0.25,1,-0.0431322712029506,0.0276608752474038,500,37,2,59
"161",0,0,0.25,1,-0.0431322712029506,0.0276608752474038,501,37,2,59
"162",14,0,0.5,0,-0.0349539654666072,0.00418243893613845,337,25,3,42
"163",0,0,0.5,1,-0.0349539654666072,0.00418243893613845,347,25,3,42
"164",3,0,1,0,-0.0349539654666072,0.00418243893613845,388,126,3,238
"165",0,0,0.5,1,-0.0349539654666072,0.00418243893613845,516,27,3,46
"166",0,0,0.5,0,-0.0349539654666072,0.00418243893613845,517,23,3,38
"167",0,0,0.5,0,-0.0349539654666072,0.00418243893613845,518,23,3,38
"168",0,0,0.25,0,-0.0349539654666072,0.00418243893613845,519,22,3,35
"169",0,0,0.25,1,-0.0349539654666072,0.00418243893613845,520,22,3,35
"170",0,0,0.25,1,-0.0349539654666072,0.00418243893613845,521,22,3,35
"171",6,0,0.5,0,-0.0349539654666072,0.00418243893613845,522,27,3,46
"172",0,0,0.5,0,-0.0349539654666072,0.00418243893613845,523,27,3,46
"173",0,0,0.5,0,-0.0349539654666072,0.00418243893613845,524,27,3,46
"174",0,0,0.5,1,-0.0349539654666072,0.00418243893613845,525,27,3,46
"175",0,0,0.25,1,-0.0349539654666072,0.00418243893613845,563,29,3,50
"176",0,0,0.25,1,-0.0349539654666072,0.00418243893613845,564,29,3,50
"177",0,0,0.25,1,-0.0349539654666072,0.00418243893613845,565,29,3,50
"178",0,0,0.25,1,-0.0349539654666072,0.00418243893613845,566,29,3,50
"179",0,0,0.125,1,-0.0349539654666072,0.00418243893613845,567,44,3,71
"180",3,0,0.125,0,-0.0349539654666072,0.00418243893613845,568,44,3,71
"181",0,0,0.125,1,-0.0349539654666072,0.00418243893613845,569,44,3,71
"182",0,0,0.25,0,-0.0349539654666072,0.00418243893613845,570,40,3,66
"183",0,0,0.25,1,-0.0349539654666072,0.00418243893613845,571,40,3,66
"184",0,0,0.25,1,-0.0349539654666072,0.00418243893613845,572,40,3,66
"185",0,0,0.25,0,-0.0349539654666072,0.00418243893613845,573,26,3,44
"186",0,0,0.25,1,-0.0349539654666072,0.00418243893613845,574,26,3,44
"187",0,0,0.125,1,-0.0349539654666072,0.00418243893613845,575,41,3,68
"188",0,0,0.25,1,-0.0349539654666072,0.00418243893613845,576,26,3,44
"189",0,0,0.25,0,-0.0349539654666072,0.00418243893613845,577,26,3,44
"190",0,0,0.125,1,-0.0349539654666072,0.00418243893613845,578,41,3,68
"191",0,0,0.25,0,-0.0349539654666072,0.00418243893613845,579,37,3,60
"192",0,0,0.25,1,-0.0349539654666072,0.00418243893613845,580,37,3,60
"193",0,0,0.25,1,-0.0349539654666072,0.00418243893613845,581,37,3,60
"194",0,0,0.125,0,-0.0349539654666072,0.00418243893613845,582,45,3,73
"195",0,0,0.125,1,-0.0349539654666072,0.00418243893613845,583,45,3,73
"196",5,0,0.125,0,-0.0349539654666072,0.00418243893613845,584,45,3,73
"197",0,0,0.125,1,-0.0349539654666072,0.00418243893613845,585,45,3,73
"198",14,0,0.25,0,-0.0349539654666072,0.00418243893613845,586,36,3,58
"199",0,0,0.25,1,-0.0349539654666072,0.00418243893613845,587,36,3,58
"200",0,0,0.25,1,-0.0349539654666072,0.00418243893613845,588,36,3,58
"201",0,0,0.25,0,-0.0349539654666072,0.00418243893613845,589,36,3,58
"202",0,0,0.125,1,-0.0349539654666072,0.00418243893613845,590,42,3,69
"203",0,0,0.125,0,-0.0349539654666072,0.00418243893613845,591,42,3,69
"204",0,0,0.125,1,-0.0349539654666072,0.00418243893613845,592,42,3,69
"205",0,0,0.25,0,-0.0349539654666072,0.00418243893613845,593,38,3,63
"206",0,0,0.25,1,-0.0349539654666072,0.00418243893613845,594,38,3,63
"207",0,0,0.25,1,-0.0349539654666072,0.00418243893613845,595,38,3,63
"208",0,0,0.25,1,-0.0349539654666072,0.00418243893613845,596,38,3,63
"209",0,0,0.125,1,-0.0349539654666072,0.00418243893613845,597,43,3,70
"210",0,0,0.125,0,-0.0349539654666072,0.00418243893613845,598,43,3,70
"211",0,0,0.125,0,-0.0349539654666072,0.00418243893613845,599,43,3,70
"212",0,0,0.125,1,-0.0349539654666072,0.00418243893613845,600,47,3,75
"213",0,0,0.125,1,-0.0349539654666072,0.00418243893613845,601,47,3,75
"214",0,0,0.125,1,-0.0349539654666072,0.00418243893613845,602,47,3,75
"215",0,0,0.125,1,-0.0349539654666072,0.00418243893613845,603,46,3,74
"216",0,0,0.125,1,-0.0349539654666072,0.00418243893613845,604,46,3,74
"217",0,0,0.125,1,-0.0349539654666072,0.00418243893613845,605,46,3,74
"218",0,0,0.125,1,-0.0349539654666072,0.00418243893613845,606,46,3,74
"219",0,0,0.25,1,-0.0349539654666072,0.00418243893613845,607,48,3,77
"220",0,0,0.25,0,-0.0349539654666072,0.00418243893613845,608,48,3,77
"221",0,0,0.25,0,-0.0349539654666072,0.00418243893613845,609,48,3,77
"222",0,0,0.25,1,-0.0349539654666072,0.00418243893613845,610,48,3,77
"223",0,0,0.25,1,-0.0349539654666072,0.00418243893613845,611,40,3,66
"224",0,0,0.25,0,-0.0349539654666072,0.00418243893613845,612,40,3,66
"225",0,0,0.25,0,-0.0349539654666072,0.00418243893613845,613,40,3,66
"226",0,0,0.25,0,-0.0349539654666072,0.00418243893613845,614,40,3,66
"227",0,0,0.125,0,-0.0349539654666072,0.00418243893613845,615,44,3,71
"228",0,0,0.125,1,-0.0349539654666072,0.00418243893613845,616,44,3,71
"229",0,0,0.125,1,-0.0349539654666072,0.00418243893613845,617,44,3,71
"230",0,0,0.125,1,-0.0349539654666072,0.00418243893613845,618,44,3,71
"231",0,0,0.25,0,-0.0349539654666072,0.00418243893613845,619,37,3,60
"232",0,0,0.25,0,-0.0349539654666072,0.00418243893613845,620,37,3,60
"233",35,0,0.25,0,-0.0349539654666072,0.00418243893613845,621,37,3,60
"234",0,0,0.25,0,-0.0349539654666072,0.00418243893613845,622,37,3,60
"235",0,0,0.25,1,-0.0349539654666072,0.00418243893613845,623,37,3,60
"236",0,0,0.125,1,-0.0349539654666072,0.00418243893613845,624,41,3,68
"237",0,0,0.125,1,-0.0349539654666072,0.00418243893613845,625,41,3,68
"238",0,0,0.125,0,-0.0349539654666072,0.00418243893613845,626,41,3,68
"239",0,0,0.25,0,-0.0349539654666072,0.00418243893613845,627,29,3,50
"240",0,0,0.25,1,-0.0349539654666072,0.00418243893613845,628,29,3,50
"241",0,0,0.25,1,-0.0349539654666072,0.00418243893613845,629,29,3,50
"242",0,0,0.25,1,-0.0349539654666072,0.00418243893613845,630,48,3,77
"243",0,0,0.25,0,-0.0349539654666072,0.00418243893613845,631,48,3,77
"244",9,0,1,0,-0.0267756597302638,-0.0141438046068947,355,137,4,243
"245",0,0,0.0625,0,-0.0267756597302638,-0.0141438046068947,403,58,4,95
"246",0,0,0.125,1,-0.0267756597302638,-0.0141438046068947,404,61,4,99
"247",0,0,0.125,1,-0.0267756597302638,-0.0141438046068947,405,61,4,99
"248",0,0,0.125,0,-0.0267756597302638,-0.0141438046068947,406,61,4,99
"249",0,0,0.125,0,-0.0267756597302638,-0.0141438046068947,407,61,4,99
"250",0,0,0.0625,1,-0.0267756597302638,-0.0141438046068947,408,59,4,96
"251",0,0,0.0625,1,-0.0267756597302638,-0.0141438046068947,409,59,4,96
"252",0,0,0.25,0,-0.0267756597302638,-0.0141438046068947,410,37,4,61
"253",0,0,0.25,0,-0.0267756597302638,-0.0141438046068947,411,37,4,61
"254",0,0,1,0,-0.0267756597302638,-0.0141438046068947,515,142,4,244
"255",0,0,0.5,1,-0.0267756597302638,-0.0141438046068947,527,23,4,39
"256",0,0,0.5,1,-0.0267756597302638,-0.0141438046068947,528,23,4,39
"257",0,0,0.25,1,-0.0267756597302638,-0.0141438046068947,529,51,4,80
"258",0,0,0.25,0,-0.0267756597302638,-0.0141438046068947,530,51,4,80
"259",0,0,0.25,0,-0.0267756597302638,-0.0141438046068947,531,51,4,80
"260",2,0,0.25,0,-0.0267756597302638,-0.0141438046068947,532,51,4,80
"261",0,0,0.25,0,-0.0267756597302638,-0.0141438046068947,533,51,4,80
"262",4,0,0.5,0,-0.0267756597302638,-0.0141438046068947,534,23,4,39
"263",0,0,0.0625,1,-0.0267756597302638,-0.0141438046068947,551,58,4,95
"264",0,0,0.0625,1,-0.0267756597302638,-0.0141438046068947,552,58,4,95
"265",0,0,0.25,0,-0.0267756597302638,-0.0141438046068947,553,22,4,36
"266",0,0,0.25,1,-0.0267756597302638,-0.0141438046068947,554,22,4,36
"267",0,0,0.25,0,-0.0267756597302638,-0.0141438046068947,555,22,4,36
"268",0,0,0.125,0,-0.0267756597302638,-0.0141438046068947,556,44,4,72
"269",0,0,0.125,1,-0.0267756597302638,-0.0141438046068947,557,44,4,72
"270",0,0,0.125,1,-0.0267756597302638,-0.0141438046068947,558,60,4,97
"271",3,0,0.125,0,-0.0267756597302638,-0.0141438046068947,559,60,4,97
"272",31,0,0.25,0,-0.0267756597302638,-0.0141438046068947,560,50,4,79
"273",0,0,0.25,0,-0.0267756597302638,-0.0141438046068947,561,50,4,79
"274",0,0,0.25,1,-0.0267756597302638,-0.0141438046068947,562,50,4,79
"275",0,0,0.25,1,-0.0267756597302638,-0.0141438046068947,632,40,4,67
"276",0,0,0.25,1,-0.0267756597302638,-0.0141438046068947,633,40,4,67
"277",0,0,0.25,1,-0.0267756597302638,-0.0141438046068947,634,40,4,67
"278",0,0,0.25,0,-0.0267756597302638,-0.0141438046068947,635,40,4,67
"279",0,0,0.125,1,-0.0267756597302638,-0.0141438046068947,636,60,4,97
"280",0,0,0.125,0,-0.0267756597302638,-0.0141438046068947,637,60,4,97
"281",0,0,0.125,0,-0.0267756597302638,-0.0141438046068947,638,61,4,99
"282",1,0,0.125,0,-0.0267756597302638,-0.0141438046068947,639,61,4,99
"283",0,0,0.125,1,-0.0267756597302638,-0.0141438046068947,640,61,4,99
"284",0,0,0.125,1,-0.0267756597302638,-0.0141438046068947,641,61,4,99
"285",0,0,0.125,0,-0.0267756597302638,-0.0141438046068947,642,61,4,99
"286",0,0,0.125,0,-0.0267756597302638,-0.0141438046068947,643,44,4,72
"287",0,0,0.125,1,-0.0267756597302638,-0.0141438046068947,644,44,4,72
"288",0,0,0.0625,1,-0.0267756597302638,-0.0141438046068947,645,59,4,96
"289",0,0,0.0625,0,-0.0267756597302638,-0.0141438046068947,646,59,4,96
"290",0,0,0.0625,1,-0.0267756597302638,-0.0141438046068947,647,59,4,96
"291",6,0,0.25,0,-0.0267756597302638,-0.0141438046068947,648,50,4,79
"292",0,0,0.25,1,-0.0267756597302638,-0.0141438046068947,649,50,4,79
"293",3,0,0.25,0,-0.0267756597302638,-0.0141438046068947,650,50,4,79
"294",0,0,0.25,0,-0.0267756597302638,-0.0141438046068947,651,37,4,61
"295",0,0,0.25,0,-0.0267756597302638,-0.0141438046068947,652,37,4,61
"296",0,0,0.25,0,-0.0267756597302638,-0.0141438046068947,653,37,4,61
"297",17,0,0.25,0,-0.0267756597302638,-0.0141438046068947,654,22,4,36
"298",0,0,0.25,1,-0.0267756597302638,-0.0141438046068947,655,22,4,36
"299",0,0,0.125,1,-0.0267756597302638,-0.0141438046068947,656,44,4,72
"300",0,0,0.125,1,-0.0267756597302638,-0.0141438046068947,657,44,4,72
"301",0,0,0.125,0,-0.0267756597302638,-0.0141438046068947,658,44,4,72
"302",6,0,0.125,0,-0.0267756597302638,-0.0141438046068947,659,60,4,97
"303",0,0,0.125,1,-0.0267756597302638,-0.0141438046068947,660,60,4,97
"304",0,0,0.125,1,-0.0267756597302638,-0.0141438046068947,661,60,4,97
"305",0,0,0.25,1,-0.0267756597302638,-0.0141438046068947,662,22,4,36
"306",0,0,1,0,-0.0267756597302638,-0.0141438046068947,663,143,4,245
"307",1,0,1,0,-0.0267756597302638,-0.0141438046068947,664,144,4,246
"308",0,0,1,0,-0.0267756597302638,-0.0141438046068947,665,145,4,247
"309",0,0,1,0,-0.0267756597302638,-0.0141438046068947,666,146,4,248
"310",0,0,0.5,1,-0.0185973539939204,-0.0273178553816956,535,23,5,40
"311",0,0,1,0,-0.0185973539939204,-0.0273178553816956,536,23,5,40
"312",6,0,0.5,0,-0.0185973539939204,-0.0273178553816956,537,23,5,40
"313",0,0,0.25,0,-0.0185973539939204,-0.0273178553816956,538,51,5,81
"314",0,0,0.25,1,-0.0185973539939204,-0.0273178553816956,539,51,5,81
"315",0,0,0.25,1,-0.0185973539939204,-0.0273178553816956,540,55,5,86
"316",12,0,0.75,1,-0.0185973539939204,-0.0273178553816956,541,55,5,86
"317",0,0,0.25,1,-0.0185973539939204,-0.0273178553816956,543,51,5,81
"318",0,0,0.25,0,-0.0185973539939204,-0.0273178553816956,544,51,5,81
"319",0,0,0.5,1,-0.0185973539939204,-0.0273178553816956,545,23,5,40
"320",11,0,0.5,0,-0.0185973539939204,-0.0273178553816956,546,27,5,47
"321",0,0,0.625,0,-0.0185973539939204,-0.0273178553816956,756,61,5,100
"322",0,0,0.625,0,-0.0185973539939204,-0.0273178553816956,757,61,5,100
"323",0,0,0.625,1,-0.0185973539939204,-0.0273178553816956,758,61,5,100
"324",0,0,0.625,0,-0.0185973539939204,-0.0273178553816956,759,64,5,107
"325",0,0,0.625,1,-0.0185973539939204,-0.0273178553816956,760,64,5,107
"326",20,0,0.625,1,-0.0185973539939204,-0.0273178553816956,761,64,5,107
"327",0,0,0.75,0,-0.0185973539939204,-0.0273178553816956,762,22,5,37
"328",0,0,0.75,1,-0.0185973539939204,-0.0273178553816956,763,22,5,37
"329",0,0,0.75,0,-0.0185973539939204,-0.0273178553816956,764,22,5,37
"330",3,0,0.625,1,-0.0185973539939204,-0.0273178553816956,766,52,5,82
"331",0,0,0.625,0,-0.0185973539939204,-0.0273178553816956,767,52,5,82
"332",6,0,0.625,1,-0.0185973539939204,-0.0273178553816956,768,63,5,106
"333",0,0.25,0.4375,0,-0.0185973539939204,-0.0273178553816956,769,63,5,106
"334",8,0,0.625,1,-0.0185973539939204,-0.0273178553816956,770,63,5,106
"335",0,0,1,1,-0.0185973539939204,-0.0273178553816956,771,67,5,112
"336",2,0,0.625,1,-0.0185973539939204,-0.0273178553816956,772,57,5,90
"337",0,0,0.625,0,-0.0185973539939204,-0.0273178553816956,773,57,5,90
"338",0,0,0.625,0,-0.0185973539939204,-0.0273178553816956,774,57,5,90
"339",0,0,0.625,0,-0.0185973539939204,-0.0273178553816956,775,57,5,90
"340",0,0,0.625,1,-0.0185973539939204,-0.0273178553816956,777,60,5,98
"341",0,0,0.625,0,-0.0185973539939204,-0.0273178553816956,778,60,5,98
"342",0,0,0.625,1,-0.0185973539939204,-0.0273178553816956,779,60,5,98
"343",22,0,0.625,1,-0.0185973539939204,-0.0273178553816956,780,65,5,108
"344",4,0,0.625,0,-0.0185973539939204,-0.0273178553816956,781,65,5,108
"345",0,0,0.625,0,-0.0185973539939204,-0.0273178553816956,782,65,5,108
"346",0,0,0.625,1,-0.0185973539939204,-0.0273178553816956,783,65,5,108
"347",2,0,0.5625,0,-0.0185973539939204,-0.0273178553816956,784,62,5,105
"348",0,0,0.75,1,-0.0185973539939204,-0.0273178553816956,785,53,5,83
"349",0,0,0.75,1,-0.0185973539939204,-0.0273178553816956,786,53,5,83
"350",0,0,0.75,0,-0.0185973539939204,-0.0273178553816956,788,53,5,83
"351",0,0,0.25,0,-0.0185973539939204,-0.0273178553816956,789,53,5,83
"352",0,0,0.5625,0,-0.0185973539939204,-0.0273178553816956,790,66,5,111
"353",0,0,0.5625,0,-0.0185973539939204,-0.0273178553816956,791,66,5,111
"354",0,0,0.5625,0,-0.0185973539939204,-0.0273178553816956,792,66,5,111
"355",0,0,0.5625,1,-0.0185973539939204,-0.0273178553816956,793,66,5,111
"356",0,0,0.25,1,-0.0185973539939204,-0.0273178553816956,794,22,5,37
"357",0,0,0.5625,1,-0.0185973539939204,-0.0273178553816956,795,22,5,37
"358",12,0,0.625,0,-0.0185973539939204,-0.0273178553816956,796,57,5,90
"359",0,0,0.625,0,-0.0185973539939204,-0.0273178553816956,797,57,5,90
"360",0,0,0.625,1,-0.0185973539939204,-0.0273178553816956,799,57,5,90
"361",0,0.25,0.4375,0,-0.0185973539939204,-0.0273178553816956,800,63,5,106
"362",5,0,0.625,1,-0.0185973539939204,-0.0273178553816956,801,63,5,106
"363",0,0,0.125,0,-0.0185973539939204,-0.0273178553816956,802,63,5,106
"364",0,0,0.625,1,-0.0185973539939204,-0.0273178553816956,803,60,5,98
"365",0,0,0.625,0,-0.0185973539939204,-0.0273178553816956,804,60,5,98
"366",0,0,0.625,1,-0.0185973539939204,-0.0273178553816956,805,60,5,98
"367",0,0,0.625,0,-0.0185973539939204,-0.0273178553816956,806,60,5,98
"368",0,0,0.625,1,-0.0185973539939204,-0.0273178553816956,807,61,5,100
"369",21,0,0.625,0,-0.0185973539939204,-0.0273178553816956,808,61,5,100
"370",0,0,0.625,0,-0.0185973539939204,-0.0273178553816956,810,61,5,100
"371",0,0,0.5625,1,-0.0185973539939204,-0.0273178553816956,811,66,5,111
"372",0,0,0.5625,0,-0.0185973539939204,-0.0273178553816956,812,66,5,111
"373",9,0,0.5,0,-0.010419048257577,-0.0353397133882644,526,124,6,226
"374",0,0,0.5,0,-0.010419048257577,-0.0353397133882644,542,125,6,227
"375",14,0,0.5625,1,-0.010419048257577,-0.0353397133882644,813,56,6,89
"376",0,0.125,0.6875,1,-0.010419048257577,-0.0353397133882644,814,80,6,141
"377",2,0,0.75,1,-0.010419048257577,-0.0353397133882644,815,55,6,87
"378",0,0.03125,0.5625,0,-0.010419048257577,-0.0353397133882644,816,55,6,87
"379",0,0,0.4375,0,-0.010419048257577,-0.0353397133882644,817,65,6,109
"380",13,0,0.4375,1,-0.010419048257577,-0.0353397133882644,818,65,6,109
"381",0,0,0.4375,1,-0.010419048257577,-0.0353397133882644,819,65,6,109
"382",0,0,0.625,1,-0.010419048257577,-0.0353397133882644,821,61,6,101
"383",0,0,0.625,1,-0.010419048257577,-0.0353397133882644,822,61,6,101
"384",0,0,0.125,0,-0.010419048257577,-0.0353397133882644,823,61,6,101
"385",0,0.0625,0.4375,1,-0.010419048257577,-0.0353397133882644,824,57,6,91
"386",0,0.0625,0.4375,1,-0.010419048257577,-0.0353397133882644,825,57,6,91
"387",0,0.0625,0.4375,1,-0.010419048257577,-0.0353397133882644,826,57,6,91
"388",0,0.0625,0.4375,0,-0.010419048257577,-0.0353397133882644,827,57,6,91
"389",8,0,0.625,0,-0.010419048257577,-0.0353397133882644,828,57,6,91
"390",0,0,0.8125,0,-0.010419048257577,-0.0353397133882644,829,77,6,135
"391",1,0,0.5625,1,-0.010419048257577,-0.0353397133882644,830,54,6,84
"392",4,0,0.8125,0,-0.010419048257577,-0.0353397133882644,832,77,6,135
"393",0,0,0.75,1,-0.010419048257577,-0.0353397133882644,833,54,6,84
"394",0,0,0.8125,0,-0.010419048257577,-0.0353397133882644,834,79,6,138
"395",2,0.03125,0.625,1,-0.010419048257577,-0.0353397133882644,835,79,6,138
"396",4,0,0.375,0,-0.010419048257577,-0.0353397133882644,836,56,6,89
"397",0,0,0.375,0,-0.010419048257577,-0.0353397133882644,837,56,6,89
"398",0,0.125,0.6875,1,-0.010419048257577,-0.0353397133882644,838,80,6,141
"399",0,0,0.8125,1,-0.010419048257577,-0.0353397133882644,839,80,6,141
"400",0,0,0.4375,1,-0.010419048257577,-0.0353397133882644,840,65,6,109
"401",0,0,0.4375,0,-0.010419048257577,-0.0353397133882644,841,65,6,109
"402",0,0,0.4375,1,-0.010419048257577,-0.0353397133882644,843,65,6,109
"403",8,0,0.75,1,-0.010419048257577,-0.0353397133882644,844,55,6,87
"404",7,0,0.75,0,-0.010419048257577,-0.0353397133882644,845,55,6,87
"405",0,0.03125,0.5625,0,-0.010419048257577,-0.0353397133882644,846,55,6,87
"406",10,0.03125,0.5625,1,-0.010419048257577,-0.0353397133882644,847,55,6,87
"407",13,0,0.625,1,-0.010419048257577,-0.0353397133882644,848,61,6,101
"408",0,0,0.625,1,-0.010419048257577,-0.0353397133882644,849,61,6,101
"409",0,0,0.4375,1,-0.010419048257577,-0.0353397133882644,850,61,6,101
"410",2,0.0625,0.4375,1,-0.010419048257577,-0.0353397133882644,851,57,6,91
"411",20,0,0.625,0,-0.010419048257577,-0.0353397133882644,852,57,6,91
"412",6,0.125,0.625,0,-0.010419048257577,-0.0353397133882644,854,79,6,138
"413",13,0,0.8125,1,-0.010419048257577,-0.0353397133882644,855,79,6,138
"414",0,0,0.8125,0,-0.010419048257577,-0.0353397133882644,856,80,6,141
"415",3,0,0.8125,0,-0.010419048257577,-0.0353397133882644,857,80,6,141
"416",2,0,0.5625,0,-0.010419048257577,-0.0353397133882644,858,54,6,84
"417",0,0,0.75,0,-0.010419048257577,-0.0353397133882644,859,54,6,84
"418",3,0,1,0,-0.010419048257577,-0.0353397133882644,887,147,6,249
"419",0,0,1,0,-0.010419048257577,-0.0353397133882644,892,148,6,250
"420",0,0,1,0,-0.010419048257577,-0.0353397133882644,918,127,6,228
"421",0,0,1,0,-0.010419048257577,-0.0353397133882644,919,128,6,229
"422",0,0,1,0,-0.010419048257577,-0.0353397133882644,920,129,6,230
"423",0,0.03125,0.40625,0,-0.00224074252123356,-0.0382093786266009,667,83,7,149
"424",0,0.0078125,0.5625,1,-0.00224074252123356,-0.0382093786266009,668,83,7,149
"425",1,0,0.6875,1,-0.00224074252123356,-0.0382093786266009,669,83,7,149
"426",0,0.0078125,0.78125,1,-0.00224074252123356,-0.0382093786266009,670,85,7,150
"427",19,0.0078125,0.78125,1,-0.00224074252123356,-0.0382093786266009,671,85,7,150
"428",16,0,0.625,0,-0.00224074252123356,-0.0382093786266009,672,61,7,102
"429",0,0,0.625,0,-0.00224074252123356,-0.0382093786266009,673,61,7,102
"430",0,0,0.625,1,-0.00224074252123356,-0.0382093786266009,674,61,7,102
"431",0,0,0.40625,1,-0.00224074252123356,-0.0382093786266009,675,61,7,102
"432",3,0,0.4375,1,-0.00224074252123356,-0.0382093786266009,676,65,7,110
"433",0,0,0.4375,0,-0.00224074252123356,-0.0382093786266009,677,65,7,110
"434",0,0,0.625,1,-0.00224074252123356,-0.0382093786266009,678,65,7,110
"435",0,0,0.625,1,-0.00224074252123356,-0.0382093786266009,679,65,7,110
"436",7,0,0.875,0,-0.00224074252123356,-0.0382093786266009,680,93,7,162
"437",0,0,0.78125,0,-0.00224074252123356,-0.0382093786266009,681,93,7,162
"438",0,0,0.78125,0,-0.00224074252123356,-0.0382093786266009,682,93,7,162
"439",3,0,0.78125,0,-0.00224074252123356,-0.0382093786266009,683,89,7,159
"440",2,0.0234375,0.5,0,-0.00224074252123356,-0.0382093786266009,684,89,7,159
"441",0,0,0.8125,1,-0.00224074252123356,-0.0382093786266009,685,87,7,156
"442",0,0,0.625,0,-0.00224074252123356,-0.0382093786266009,686,87,7,156
"443",0,0,0.625,0,-0.00224074252123356,-0.0382093786266009,687,87,7,156
"444",0,0.25,0.625,0,-0.00224074252123356,-0.0382093786266009,688,55,7,88
"445",8,0.03125,0.5625,0,-0.00224074252123356,-0.0382093786266009,689,55,7,88
"446",0,0.03125,0.5625,0,-0.00224074252123356,-0.0382093786266009,690,55,7,88
"447",3,0,0.625,1,-0.00224074252123356,-0.0382093786266009,691,81,7,146
"448",0,0,0.3125,1,-0.00224074252123356,-0.0382093786266009,692,81,7,146
"449",0,0.015625,0.6875,1,-0.00224074252123356,-0.0382093786266009,693,81,7,146
"450",0,0.0625,0.71875,0,-0.00224074252123356,-0.0382093786266009,694,81,7,146
"451",0,0,0.625,1,-0.00224074252123356,-0.0382093786266009,695,81,7,146
"452",1,0.15625,0.4375,1,-0.00224074252123356,-0.0382093786266009,696,57,7,92
"453",0,0.15625,0.4375,1,-0.00224074252123356,-0.0382093786266009,697,57,7,92
"454",0,0,0.6875,1,-0.00224074252123356,-0.0382093786266009,698,88,7,158
"455",0,0.125,0.78125,0,-0.00224074252123356,-0.0382093786266009,699,88,7,158
"456",0,0.125,0.78125,1,-0.00224074252123356,-0.0382093786266009,700,88,7,158
"457",0,0.0625,0.71875,0,-0.00224074252123356,-0.0382093786266009,701,86,7,151
"458",0,0,0.8125,0,-0.00224074252123356,-0.0382093786266009,702,86,7,151
"459",0,0,0.8125,1,-0.00224074252123356,-0.0382093786266009,703,86,7,151
"460",0,0.125,0.6875,0,-0.00224074252123356,-0.0382093786266009,704,80,7,142
"461",0,0.125,0.6875,0,-0.00224074252123356,-0.0382093786266009,705,80,7,142
"462",12,0,0.75,0,-0.00224074252123356,-0.0382093786266009,706,54,7,85
"463",0,0,0.75,1,-0.00224074252123356,-0.0382093786266009,707,54,7,85
"464",0,0,0.8125,1,-0.00224074252123356,-0.0382093786266009,708,82,7,148
"465",0,0,0.40625,1,-0.00224074252123356,-0.0382093786266009,709,82,7,148
"466",0,0,0.40625,1,-0.00224074252123356,-0.0382093786266009,710,82,7,148
"467",3,0,0.8125,1,-0.00224074252123356,-0.0382093786266009,711,82,7,148
"468",20,0,0.8125,0,-0.00224074252123356,-0.0382093786266009,712,77,7,136
"469",3,0,0.625,1,-0.00224074252123356,-0.0382093786266009,713,77,7,136
"470",6,0,0.8125,0,-0.00224074252123356,-0.0382093786266009,714,79,7,139
"471",16,0.015625,0.53125,0,-0.00224074252123356,-0.0382093786266009,715,79,7,139
"472",1,0.015625,0.53125,1,-0.00224074252123356,-0.0382093786266009,716,79,7,139
"473",0,0.015625,0.53125,0,-0.00224074252123356,-0.0382093786266009,860,79,7,139
"474",0,0.015625,0.53125,0,-0.00224074252123356,-0.0382093786266009,861,79,7,139
"475",0,0,0.8125,0,-0.00224074252123356,-0.0382093786266009,862,79,7,139
"476",0,0,0.78125,0,-0.00224074252123356,-0.0382093786266009,863,78,7,137
"477",2,0,0.6875,1,-0.00224074252123356,-0.0382093786266009,865,83,7,149
"478",0,0,0.875,1,-0.00224074252123356,-0.0382093786266009,921,85,7,150
"479",4,0.0078125,0.78125,1,-0.00224074252123356,-0.0382093786266009,922,85,7,150
"480",0,0,0.875,0,-0.00224074252123356,-0.0382093786266009,923,85,7,150
"481",0,0,0.625,1,-0.00224074252123356,-0.0382093786266009,924,61,7,102
"482",0,0,0.34375,0,-0.00224074252123356,-0.0382093786266009,925,61,7,102
"483",20,0,0.625,0,-0.00224074252123356,-0.0382093786266009,926,80,7,142
"484",0,0.125,0.625,1,-0.00224074252123356,-0.0382093786266009,927,80,7,142
"485",1,0.125,0.6875,0,-0.00224074252123356,-0.0382093786266009,928,80,7,142
"486",0,0,0.625,0,-0.00224074252123356,-0.0382093786266009,929,65,7,110
"487",0,0,0.625,0,-0.00224074252123356,-0.0382093786266009,930,65,7,110
"488",7,0,0.625,0,-0.00224074252123356,-0.0382093786266009,931,65,7,110
"489",0,0,0.4375,1,-0.00224074252123356,-0.0382093786266009,932,57,7,92
"490",0,0,0.4375,0,-0.00224074252123356,-0.0382093786266009,933,57,7,92
"491",0,0,0.78125,1,-0.00224074252123356,-0.0382093786266009,934,78,7,137
"492",0,0.015625,0.6875,1,-0.00224074252123356,-0.0382093786266009,935,85,7,150
"493",0,0.015625,0.6875,1,-0.00224074252123356,-0.0382093786266009,936,85,7,150
"494",0,0,0.71875,0,0.00593756321510985,-0.0359268510967053,412,74,8,125
"495",0,0,1,0,0.00593756321510985,-0.0359268510967053,547,130,8,231
"496",1,0,1,1,0.00593756321510985,-0.0359268510967053,548,131,8,232
"497",0,0,0.5,1,0.00593756321510985,-0.0359268510967053,549,114,8,215
"498",0,0,0.5,0,0.00593756321510985,-0.0359268510967053,550,114,8,215
"499",30,0,0.75,0,0.00593756321510985,-0.0359268510967053,937,71,8,118
"500",0,0.037109375,0.59375,1,0.00593756321510985,-0.0359268510967053,938,71,8,118
"501",0,0.015625,0.53125,0,0.00593756321510985,-0.0359268510967053,939,79,8,140
"502",0,0.015625,0.53125,1,0.00593756321510985,-0.0359268510967053,940,79,8,140
"503",0,0.125,0.59375,0,0.00593756321510985,-0.0359268510967053,941,86,8,152
"504",0,0,0.8125,1,0.00593756321510985,-0.0359268510967053,942,86,8,152
"505",5,0.03125,0.5,1,0.00593756321510985,-0.0359268510967053,943,57,8,93
"506",0,0,0.625,1,0.00593756321510985,-0.0359268510967053,944,57,8,93
"507",4,0.03125,0.5,1,0.00593756321510985,-0.0359268510967053,945,57,8,93
"508",0,0.015625,0.6875,1,0.00593756321510985,-0.0359268510967053,946,72,8,119
"509",0,0.015625,0.6875,0,0.00593756321510985,-0.0359268510967053,947,72,8,119
"510",0,0.015625,0.6875,1,0.00593756321510985,-0.0359268510967053,948,72,8,119
"511",0,0.015625,0.6875,0,0.00593756321510985,-0.0359268510967053,949,72,8,119
"512",0,0.0078125,0.671875,0,0.00593756321510985,-0.0359268510967053,950,70,8,117
"513",0,0.001953125,0.796875,0,0.00593756321510985,-0.0359268510967053,951,70,8,117
"514",5,0.0078125,0.671875,1,0.00593756321510985,-0.0359268510967053,952,70,8,117
"515",0,0,0.625,0,0.00593756321510985,-0.0359268510967053,953,96,8,170
"516",0,0,0.625,1,0.00593756321510985,-0.0359268510967053,954,96,8,170
"517",0,0,0.625,0,0.00593756321510985,-0.0359268510967053,955,96,8,170
"518",6,0,0.625,1,0.00593756321510985,-0.0359268510967053,956,96,8,170
"519",0,0.078125,0.71875,1,0.00593756321510985,-0.0359268510967053,957,87,8,157
"520",0,0,0.8125,0,0.00593756321510985,-0.0359268510967053,958,87,8,157
"521",1,0,0.625,1,0.00593756321510985,-0.0359268510967053,959,87,8,157
"522",8,0,0.625,1,0.00593756321510985,-0.0359268510967053,960,81,8,147
"523",0,0,0.625,1,0.00593756321510985,-0.0359268510967053,961,81,8,147
"524",0,0.03125,0.5,0,0.00593756321510985,-0.0359268510967053,962,57,8,93
"525",18,0,0.40625,0,0.00593756321510985,-0.0359268510967053,963,57,8,93
"526",22,0,0.40625,1,0.00593756321510985,-0.0359268510967053,964,57,8,93
"527",0,0,0.625,1,0.00593756321510985,-0.0359268510967053,965,81,8,147
"528",0,0,0.84375,0,0.00593756321510985,-0.0359268510967053,966,95,8,169
"529",0,0,0.53125,0,0.00593756321510985,-0.0359268510967053,967,68,8,113
"530",3,0,0.8125,1,0.00593756321510985,-0.0359268510967053,968,68,8,113
"531",0,0,0.65625,1,0.00593756321510985,-0.0359268510967053,969,68,8,113
"532",0,0,0.53125,1,0.00593756321510985,-0.0359268510967053,970,68,8,113
"533",0,0,0.625,1,0.00593756321510985,-0.0359268510967053,971,61,8,103
"534",0,0,0.34375,1,0.00593756321510985,-0.0359268510967053,972,61,8,103
"535",0,0,0.71875,0,0.00593756321510985,-0.0359268510967053,973,75,8,130
"536",3,0,0.71875,0,0.00593756321510985,-0.0359268510967053,974,75,8,130
"537",0,0,0.71875,1,0.00593756321510985,-0.0359268510967053,975,75,8,130
"538",1,0,0.9375,1,0.00593756321510985,-0.0359268510967053,976,69,8,116
"539",0,0,0.9375,0,0.00593756321510985,-0.0359268510967053,977,69,8,116
"540",19,0.033203125,0.828125,0,0.00593756321510985,-0.0359268510967053,978,69,8,116
"541",5,0,0.765625,1,0.00593756321510985,-0.0359268510967053,979,73,8,120
"542",0,0,0.78125,0,0.00593756321510985,-0.0359268510967053,980,73,8,120
"543",2,0,0.71875,1,0.00593756321510985,-0.0359268510967053,981,74,8,125
"544",0,0.125,0.71875,0,0.00593756321510985,-0.0359268510967053,982,74,8,125
"545",7,0,0.71875,1,0.00593756321510985,-0.0359268510967053,983,74,8,125
"546",0,0,0.8125,1,0.00593756321510985,-0.0359268510967053,984,86,8,152
"547",0,0,0.8125,0,0.00593756321510985,-0.0359268510967053,985,86,8,152
"548",0,0.1015625,0.703125,0,0.00593756321510985,-0.0359268510967053,986,86,8,152
"549",0,0.03125,0.59375,0,0.00593756321510985,-0.0359268510967053,987,86,8,152
"550",0,0.03125,0.5,0,0.00593756321510985,-0.0359268510967053,988,57,8,93
"551",9,0.015625,0.6875,1,0.00593756321510985,-0.0359268510967053,989,72,8,119
"552",2,0,0.5625,1,0.00593756321510985,-0.0359268510967053,990,72,8,119
"553",0,0,0.5625,1,0.00593756321510985,-0.0359268510967053,991,72,8,119
"554",0,0,0.5625,1,0.00593756321510985,-0.0359268510967053,992,72,8,119
"555",0,0,0.625,1,0.00593756321510985,-0.0359268510967053,993,80,8,143
"556",6,0.125,0.6875,1,0.00593756321510985,-0.0359268510967053,994,80,8,143
"557",0,0.125,0.6875,0,0.00593756321510985,-0.0359268510967053,995,80,8,143
"558",1,0,0.59375,1,0.00593756321510985,-0.0359268510967053,996,96,8,170
"559",0,0,0.625,0,0.00593756321510985,-0.0359268510967053,997,96,8,170
"560",17,0,0.625,1,0.00593756321510985,-0.0359268510967053,998,96,8,170
"561",0,0.12890625,0.671875,0,0.00593756321510985,-0.0359268510967053,999,76,8,131
"562",0,0.2578125,0.53125,1,0.00593756321510985,-0.0359268510967053,1000,76,8,131
"563",8,0.0078125,0.703125,1,0.00593756321510985,-0.0359268510967053,1001,94,8,164
"564",0,0.0234375,0.53125,1,0.00593756321510985,-0.0359268510967053,1002,94,8,164
"565",0,0,0.40625,0,0.00593756321510985,-0.0359268510967053,1003,61,8,103
"566",0,0,0.34375,0,0.00593756321510985,-0.0359268510967053,1004,61,8,103
"567",0,0,0.34375,0,0.00593756321510985,-0.0359268510967053,1005,61,8,103
"568",3,0,0.625,1,0.00593756321510985,-0.0359268510967053,1006,61,8,103
"569",0,0.06640625,0.71875,0,0.00593756321510985,-0.0359268510967053,1007,69,8,116
"570",0,0,0.75,1,0.00593756321510985,-0.0359268510967053,1008,69,8,116
"571",0,0.06640625,0.71875,1,0.00593756321510985,-0.0359268510967053,1009,69,8,116
"572",0,0.06640625,0.71875,0,0.00593756321510985,-0.0359268510967053,1010,69,8,116
"573",14,0.0078125,0.78125,0,0.00593756321510985,-0.0359268510967053,1011,75,8,130
"574",0,0,0.71875,0,0.00593756321510985,-0.0359268510967053,1012,75,8,130
"575",0,0.06640625,0.796875,0,0.00593756321510985,-0.0359268510967053,1013,75,8,130
"576",0,0,0.625,0,0.00593756321510985,-0.0359268510967053,1014,68,8,113
"577",4,0,0.703125,0,0.00593756321510985,-0.0359268510967053,1015,68,8,113
"578",0,0,0.53125,0,0.00593756321510985,-0.0359268510967053,1016,68,8,113
"579",8,0,0.765625,1,0.00593756321510985,-0.0359268510967053,1017,73,8,120
"580",0,0,0.8125,1,0.00593756321510985,-0.0359268510967053,1018,86,8,152
"581",0,0,0.8125,1,0.00593756321510985,-0.0359268510967053,1019,86,8,152
"582",0,0.03125,0.59375,1,0.00593756321510985,-0.0359268510967053,1020,86,8,152
"583",0,0.1015625,0.703125,0,0.0141158689514533,-0.0284921307985775,1021,86,9,153
"584",0,0.1015625,0.703125,0,0.0141158689514533,-0.0284921307985775,1022,86,9,153
"585",6,0,0.34375,0,0.0141158689514533,-0.0284921307985775,1023,61,9,104
"586",1,0.0625,0.671875,0,0.0141158689514533,-0.0284921307985775,1024,101,9,186
"587",0,0,0.890625,1,0.0141158689514533,-0.0284921307985775,1025,101,9,186
"588",15,0,0.890625,0,0.0141158689514533,-0.0284921307985775,1026,101,9,186
"589",0,0,0.890625,0,0.0141158689514533,-0.0284921307985775,1027,101,9,186
"590",22,0,0.65625,0,0.0141158689514533,-0.0284921307985775,1028,68,9,114
"591",1,0,0.703125,0,0.0141158689514533,-0.0284921307985775,1029,68,9,114
"592",0,0.125,0.4375,0,0.0141158689514533,-0.0284921307985775,1030,57,9,94
"593",15,0.125,0.4375,0,0.0141158689514533,-0.0284921307985775,1031,57,9,94
"594",0,0,0.625,0,0.0141158689514533,-0.0284921307985775,1032,57,9,94
"595",0,0.0390625,0.4609375,0,0.0141158689514533,-0.0284921307985775,1033,57,9,94
"596",15,0.03125,0.34375,0,0.0141158689514533,-0.0284921307985775,1034,57,9,94
"597",0,0,0.8125,1,0.0141158689514533,-0.0284921307985775,1035,80,9,144
"598",0,0,0.671875,1,0.0141158689514533,-0.0284921307985775,1036,80,9,144
"599",0,0.125,0.6875,0,0.0141158689514533,-0.0284921307985775,1037,80,9,144
"600",0,0,0.8515625,1,0.0141158689514533,-0.0284921307985775,1038,102,9,188
"601",0,0,0.6640625,1,0.0141158689514533,-0.0284921307985775,1039,102,9,188
"602",0,0,0.8515625,0,0.0141158689514533,-0.0284921307985775,1040,102,9,188
"603",0,0,0.6640625,0,0.0141158689514533,-0.0284921307985775,1041,102,9,188
"604",0,0.015625,0.703125,1,0.0141158689514533,-0.0284921307985775,1042,101,9,186
"605",0,0.25,0.328125,0,0.0141158689514533,-0.0284921307985775,1043,57,9,94
"606",0,0,0.6875,0,0.0141158689514533,-0.0284921307985775,1044,73,9,121
"607",0,0,0.703125,1,0.0141158689514533,-0.0284921307985775,1045,98,9,175
"608",0,0.078125,0.578125,0,0.0141158689514533,-0.0284921307985775,1046,98,9,175
"609",0,0,0.703125,1,0.0141158689514533,-0.0284921307985775,1047,98,9,175
"610",0,0.1435546875,0.8046875,0,0.0141158689514533,-0.0284921307985775,1048,100,9,181
"611",0,0.03125,0.6953125,0,0.0141158689514533,-0.0284921307985775,1049,100,9,181
"612",0,0.1435546875,0.8046875,0,0.0141158689514533,-0.0284921307985775,1050,100,9,181
"613",0,0.03515625,0.6484375,1,0.0141158689514533,-0.0284921307985775,1051,76,9,132
"614",0,0.03515625,0.6484375,0,0.0141158689514533,-0.0284921307985775,1052,76,9,132
"615",4,0,0.765625,1,0.0141158689514533,-0.0284921307985775,1053,76,9,132
"616",0,0.07421875,0.6875,0,0.0141158689514533,-0.0284921307985775,1054,97,9,171
"617",0,0.07421875,0.6875,0,0.0141158689514533,-0.0284921307985775,1055,97,9,171
"618",0,0.015625,0.421875,0,0.0141158689514533,-0.0284921307985775,1056,98,9,175
"619",0,0.00390625,0.6953125,0,0.0141158689514533,-0.0284921307985775,1057,94,9,165
"620",10,0.00390625,0.6953125,1,0.0141158689514533,-0.0284921307985775,1058,94,9,165
"621",0,0.00390625,0.6953125,0,0.0141158689514533,-0.0284921307985775,1059,94,9,165
"622",8,0.125,0.71875,1,0.0141158689514533,-0.0284921307985775,1060,74,9,126
"623",0,0,0.71875,1,0.0141158689514533,-0.0284921307985775,1061,74,9,126
"624",1,0,0.6875,0,0.0141158689514533,-0.0284921307985775,1062,74,9,126
"625",17,0,0.6875,0,0.0141158689514533,-0.0284921307985775,1063,74,9,126
"626",9,0,0.625,0,0.0141158689514533,-0.0284921307985775,1064,86,9,153
"627",0,0,0.625,0,0.0141158689514533,-0.0284921307985775,1065,86,9,153
"628",0,0,0.625,1,0.0141158689514533,-0.0284921307985775,1066,86,9,153
"629",0,0,0.40625,1,0.0141158689514533,-0.0284921307985775,1067,61,9,104
"630",0,0,0.671875,0,0.0141158689514533,-0.0284921307985775,1068,80,9,144
"631",0,0,0.625,1,0.0141158689514533,-0.0284921307985775,1069,80,9,144
"632",0,0,0.9140625,1,0.0141158689514533,-0.0284921307985775,1070,100,9,181
"633",0,0.1435546875,0.8046875,1,0.0141158689514533,-0.0284921307985775,1071,100,9,181
"634",2,0.005859375,0.609375,1,0.0141158689514533,-0.0284921307985775,1072,76,9,132
"635",18,0.01171875,0.546875,0,0.0141158689514533,-0.0284921307985775,1073,76,9,132
"636",0,0.07421875,0.6875,1,0.0141158689514533,-0.0284921307985775,1074,97,9,171
"637",0,0.07421875,0.6875,0,0.0141158689514533,-0.0284921307985775,1075,97,9,171
"638",2,0,0.6875,1,0.0141158689514533,-0.0284921307985775,1076,97,9,171
"639",0,0,0.6875,0,0.0141158689514533,-0.0284921307985775,1077,97,9,171
"640",0,0.015625,0.703125,0,0.0141158689514533,-0.0284921307985775,1078,101,9,186
"641",0,0.16015625,0.65625,1,0.0222941746877967,-0.0159052177322175,154,94,10,166
"642",0,0.0078125,0.703125,0,0.0222941746877967,-0.0159052177322175,155,94,10,166
"643",0,0.16015625,0.65625,1,0.0222941746877967,-0.0159052177322175,156,94,10,166
"644",0,0.048828125,0.609375,1,0.0222941746877967,-0.0159052177322175,157,108,10,199
"645",0,0.0244140625,0.5546875,1,0.0222941746877967,-0.0159052177322175,158,108,10,199
"646",0,0.0244140625,0.6015625,0,0.0222941746877967,-0.0159052177322175,159,108,10,199
"647",0,0.0244140625,0.6015625,1,0.0222941746877967,-0.0159052177322175,160,108,10,199
"648",0,0.0244140625,0.6015625,0,0.0222941746877967,-0.0159052177322175,161,108,10,199
"649",0,0.0703125,0.59375,1,0.0222941746877967,-0.0159052177322175,162,101,10,187
"650",0,0.0390625,0.7265625,0,0.0222941746877967,-0.0159052177322175,163,101,10,187
"651",0,0,0.890625,1,0.0222941746877967,-0.0159052177322175,164,101,10,187
"652",8,0.166015625,0.640625,1,0.0222941746877967,-0.0159052177322175,165,101,10,187
"653",15,0,0.875,0,0.0222941746877967,-0.0159052177322175,166,97,10,172
"654",0,0,0.734375,0,0.0222941746877967,-0.0159052177322175,167,97,10,172
"655",0,0,0.734375,0,0.0222941746877967,-0.0159052177322175,168,97,10,172
"656",0,0,0.734375,1,0.0222941746877967,-0.0159052177322175,169,97,10,172
"657",0,0,0.7578125,0,0.0222941746877967,-0.0159052177322175,170,105,10,191
"658",0,0,0.9453125,1,0.0222941746877967,-0.0159052177322175,171,105,10,191
"659",0,0.1435546875,0.8046875,1,0.0222941746877967,-0.0159052177322175,172,100,10,182
"660",0,0.0947265625,0.7578125,0,0.0222941746877967,-0.0159052177322175,173,100,10,182
"661",0,0.1435546875,0.8046875,1,0.0222941746877967,-0.0159052177322175,174,100,10,182
"662",2,0,0.65625,1,0.0222941746877967,-0.0159052177322175,175,68,10,115
"663",3,0.125,0.625,0,0.0222941746877967,-0.0159052177322175,176,68,10,115
"664",0,0,0.65625,0,0.0222941746877967,-0.0159052177322175,177,68,10,115
"665",0,0,0.65625,1,0.0222941746877967,-0.0159052177322175,178,68,10,115
"666",0,0.0078125,0.65625,1,0.0222941746877967,-0.0159052177322175,179,86,10,154
"667",0,0.0078125,0.65625,1,0.0222941746877967,-0.0159052177322175,180,86,10,154
"668",0,0.125,0.59375,1,0.0222941746877967,-0.0159052177322175,181,86,10,154
"669",0,0,0.71875,1,0.0222941746877967,-0.0159052177322175,182,108,10,199
"670",0,0,0.71875,0,0.0222941746877967,-0.0159052177322175,183,108,10,199
"671",0,0.04296875,0.5546875,1,0.0222941746877967,-0.0159052177322175,184,98,10,176
"672",0,0.04296875,0.5546875,1,0.0222941746877967,-0.0159052177322175,185,98,10,176
"673",0,0.09765625,0.5625,1,0.0222941746877967,-0.0159052177322175,186,112,10,209
"674",0,0.04296875,0.5546875,1,0.0222941746877967,-0.0159052177322175,187,98,10,176
"675",0,0.015625,0.65625,1,0.0222941746877967,-0.0159052177322175,188,110,10,204
"676",0,0.046875,0.6640625,1,0.0222941746877967,-0.0159052177322175,189,107,10,198
"677",0,0.125,0.71875,0,0.0222941746877967,-0.0159052177322175,190,74,10,127
"678",0,0.125,0.71875,0,0.0222941746877967,-0.0159052177322175,191,74,10,127
"679",0,0.09765625,0.5625,1,0.0222941746877967,-0.0159052177322175,192,112,10,209
"680",0,0.041015625,0.7109375,1,0.0222941746877967,-0.0159052177322175,193,106,10,194
"681",4,0.015625,0.6953125,1,0.0222941746877967,-0.0159052177322175,194,111,10,205
"682",0,0.015625,0.6953125,1,0.0222941746877967,-0.0159052177322175,195,111,10,205
"683",0,0.0078125,0.375,0,0.0222941746877967,-0.0159052177322175,196,103,10,189
"684",5,0.0078125,0.375,1,0.0222941746877967,-0.0159052177322175,197,103,10,189
"685",0,0.0078125,0.375,0,0.0222941746877967,-0.0159052177322175,198,103,10,189
"686",0,0,0.546875,1,0.0222941746877967,-0.0159052177322175,199,76,10,133
"687",0,0.0205078125,0.6015625,0,0.0222941746877967,-0.0159052177322175,200,76,10,133
"688",0,0.10546875,0.4765625,1,0.0222941746877967,-0.0159052177322175,201,113,10,211
"689",0,0,0.5625,1,0.0222941746877967,-0.0159052177322175,202,80,10,145
"690",0,0.125,0.6875,1,0.0222941746877967,-0.0159052177322175,203,80,10,145
"691",0,0,0.5625,0,0.0222941746877967,-0.0159052177322175,204,80,10,145
"692",6,0,0.625,1,0.0222941746877967,-0.0159052177322175,205,73,10,122
"693",0,0.08203125,0.71875,1,0.0222941746877967,-0.0159052177322175,206,106,10,194
"694",0,0,0.671875,1,0.0222941746877967,-0.0159052177322175,207,109,10,201
"695",0,0.08203125,0.71875,0,0.0222941746877967,-0.0159052177322175,208,106,10,194
"696",0,0.041015625,0.7109375,0,0.0222941746877967,-0.0159052177322175,209,106,10,194
"697",0,0,0.9140625,0,0.0222941746877967,-0.0159052177322175,210,100,10,182
"698",1,0,0.515625,1,0.0222941746877967,-0.0159052177322175,211,98,10,176
"699",5,0.01904296875,0.7109375,0,0.0222941746877967,-0.0159052177322175,212,106,10,194
"700",0,0.0703125,0.59375,0,0.0222941746877967,-0.0159052177322175,236,101,10,187
"701",0,0.0703125,0.59375,1,0.0222941746877967,-0.0159052177322175,237,101,10,187
"702",0,0.0703125,0.59375,0,0.0222941746877967,-0.0159052177322175,238,101,10,187
"703",7,0.0703125,0.59375,0,0.0222941746877967,-0.0159052177322175,239,101,10,187
"704",0,0.10546875,0.4765625,1,0.0222941746877967,-0.0159052177322175,240,113,10,211
"705",0,0,0.625,1,0.0222941746877967,-0.0159052177322175,241,68,10,115
"706",0,0,0.625,0,0.0222941746877967,-0.0159052177322175,242,68,10,115
"707",0,0,0.625,1,0.0222941746877967,-0.0159052177322175,243,68,10,115
"708",0,0.0244140625,0.6015625,0,0.0222941746877967,-0.0159052177322175,244,108,10,199
"709",0,0.0244140625,0.6015625,1,0.0222941746877967,-0.0159052177322175,245,108,10,199
"710",0,0,0.9453125,1,0.0222941746877967,-0.0159052177322175,246,105,10,191
"711",2,0,0.7578125,1,0.0222941746877967,-0.0159052177322175,247,105,10,191
"712",2,0,0.9453125,1,0.0222941746877967,-0.0159052177322175,248,105,10,191
"713",0,0,0.734375,1,0.0222941746877967,-0.0159052177322175,249,97,10,172
"714",0,0.126953125,0.84375,0,0.0222941746877967,-0.0159052177322175,250,97,10,172
"715",11,0,0.734375,0,0.0222941746877967,-0.0159052177322175,251,97,10,172
"716",17,0.037109375,0.734375,1,0.0222941746877967,-0.0159052177322175,252,97,10,172
"717",0,0.03125,0.578125,0,0.0222941746877967,-0.0159052177322175,253,76,10,133
"718",0,0.03125,0.5625,1,0.0222941746877967,-0.0159052177322175,254,76,10,133
"719",0,0.048828125,0.609375,1,0.0222941746877967,-0.0159052177322175,255,108,10,199
"720",8,0.05859375,0.5625,1,0.0222941746877967,-0.0159052177322175,256,108,10,199
"721",7,0.125,0.546875,1,0.0222941746877967,-0.0159052177322175,257,111,10,205
"722",3,0.015625,0.65625,0,0.0222941746877967,-0.0159052177322175,258,111,10,205
"723",0,0.015625,0.6953125,0,0.0222941746877967,-0.0159052177322175,259,111,10,205
"724",2,0,0.90625,0,0.0222941746877967,-0.0159052177322175,260,74,10,127
"725",1,0,0.71875,1,0.0222941746877967,-0.0159052177322175,261,74,10,127
"726",1,0.01904296875,0.7109375,1,0.0222941746877967,-0.0159052177322175,262,106,10,194
"727",0,0.0185546875,0.65625,1,0.0222941746877967,-0.0159052177322175,263,94,10,166
"728",3,0.09375,0.515625,1,0.0222941746877967,-0.0159052177322175,264,112,10,209
"729",0,0.015625,0.71875,0,0.0222941746877967,-0.0159052177322175,265,112,10,209
"730",0,0.015625,0.71875,0,0.0222941746877967,-0.0159052177322175,266,112,10,209
"731",0,0.0185546875,0.65625,0,0.0222941746877967,-0.0159052177322175,267,94,10,166
"732",0,0.009765625,0.421875,1,0.0222941746877967,-0.0159052177322175,268,103,10,189
"733",0,0.009765625,0.421875,0,0.0222941746877967,-0.0159052177322175,269,103,10,189
"734",0,0.0078125,0.375,0,0.0222941746877967,-0.0159052177322175,270,103,10,189
"735",0,0.0419921875,0.6875,1,0.0222941746877967,-0.0159052177322175,271,104,10,190
"736",0,0.015625,0.515625,1,0.0222941746877967,-0.0159052177322175,272,109,10,201
"737",0,0,0.671875,0,0.0222941746877967,-0.0159052177322175,273,109,10,201
"738",0,0,0.71875,0,0.0222941746877967,-0.0159052177322175,274,108,10,199
"739",0,0,0.625,1,0.0222941746877967,-0.0159052177322175,275,73,10,122
"740",0,0.0390625,0.6484375,0,0.0222941746877967,-0.0159052177322175,276,94,10,166
"741",0,0.125,0.671875,1,0.0222941746877967,-0.0159052177322175,277,99,10,180
"742",0,0.0234375,0.640625,1,0.0222941746877967,-0.0159052177322175,278,106,10,194
"743",0,0,0.8125,1,0.0222941746877967,-0.0159052177322175,279,94,10,166
"744",0,0.046875,0.640625,0,0.0222941746877967,-0.0159052177322175,280,106,10,194
"745",0,0.08203125,0.71875,1,0.0222941746877967,-0.0159052177322175,281,106,10,194
"746",3,0.0322265625,0.7421875,0,0.0222941746877967,-0.0159052177322175,282,99,10,180
"747",7,0,0.359375,0,0.0222941746877967,-0.0159052177322175,283,99,10,180
"748",0,0.16015625,0.6015625,0,0.0222941746877967,-0.0159052177322175,324,10,10,18
"749",0,0.015625,0.5859375,1,0.0222941746877967,-0.0159052177322175,329,113,10,211
"750",0,0,0.8125,1,0.0222941746877967,-0.0159052177322175,719,94,10,166
"751",0,0.0078125,0.703125,0,0.0222941746877967,-0.0159052177322175,720,94,10,166
"752",0,0,1,1,0.0222941746877967,-0.0159052177322175,723,132,10,233
"753",0,0.0625,0.4921875,0,0.0304724804241401,0.00183388810237471,213,13,11,23
"754",0,0.05859375,0.5625,0,0.0304724804241401,0.00183388810237471,214,108,11,200
"755",0,0.0341796875,0.5703125,1,0.0304724804241401,0.00183388810237471,215,108,11,200
"756",0,0.05859375,0.640625,0,0.0304724804241401,0.00183388810237471,216,8,11,13
"757",0,0.04052734375,0.5390625,1,0.0304724804241401,0.00183388810237471,217,109,11,202
"758",0,0.04052734375,0.5390625,1,0.0304724804241401,0.00183388810237471,218,109,11,202
"759",7,0.04052734375,0.5390625,1,0.0304724804241401,0.00183388810237471,219,109,11,202
"760",4,0.04052734375,0.5390625,0,0.0304724804241401,0.00183388810237471,220,109,11,202
"761",0,0.04052734375,0.5390625,0,0.0304724804241401,0.00183388810237471,221,109,11,202
"762",0,0.001708984375,0.81640625,0,0.0304724804241401,0.00183388810237471,222,2,11,2
"763",0,0,0.9375,1,0.0304724804241401,0.00183388810237471,223,2,11,2
"764",0,0.001708984375,0.81640625,0,0.0304724804241401,0.00183388810237471,224,2,11,2
"765",0,0.0283203125,0.66015625,0,0.0304724804241401,0.00183388810237471,225,112,11,210
"766",0,0.0283203125,0.66015625,1,0.0304724804241401,0.00183388810237471,226,112,11,210
"767",1,0.0283203125,0.66015625,1,0.0304724804241401,0.00183388810237471,227,112,11,210
"768",0,0.0283203125,0.66015625,1,0.0304724804241401,0.00183388810237471,228,112,11,210
"769",4,0.015625,0.65625,0,0.0304724804241401,0.00183388810237471,229,111,11,206
"770",7,0.0078125,0.7265625,0,0.0304724804241401,0.00183388810237471,230,111,11,206
"771",6,0,0.6875,1,0.0304724804241401,0.00183388810237471,231,73,11,123
"772",2,0,0.875,1,0.0304724804241401,0.00183388810237471,232,73,11,123
"773",0,0,0.7265625,0,0.0304724804241401,0.00183388810237471,233,100,11,183
"774",0,0,0.9140625,1,0.0304724804241401,0.00183388810237471,234,100,11,183
"775",0,0,0.828125,0,0.0304724804241401,0.00183388810237471,235,106,11,195
"776",8,0,0.828125,0,0.0304724804241401,0.00183388810237471,284,106,11,195
"777",0,0.16015625,0.5859375,0,0.0304724804241401,0.00183388810237471,285,10,11,19
"778",8,0,0.828125,1,0.0304724804241401,0.00183388810237471,286,10,11,19
"779",1,0.03271484375,0.703125,0,0.0304724804241401,0.00183388810237471,287,4,11,8
"780",0,0.03271484375,0.703125,0,0.0304724804241401,0.00183388810237471,288,4,11,8
"781",0,0.03271484375,0.703125,1,0.0304724804241401,0.00183388810237471,289,4,11,8
"782",0,0.03271484375,0.703125,0,0.0304724804241401,0.00183388810237471,290,4,11,8
"783",0,0.03271484375,0.703125,1,0.0304724804241401,0.00183388810237471,291,4,11,8
"784",0,0.037109375,0.734375,1,0.0304724804241401,0.00183388810237471,292,97,11,173
"785",0,0.037109375,0.734375,0,0.0304724804241401,0.00183388810237471,293,97,11,173
"786",0,0.037109375,0.734375,0,0.0304724804241401,0.00183388810237471,294,97,11,173
"787",0,0.037109375,0.734375,0,0.0304724804241401,0.00183388810237471,295,97,11,173
"788",0,0.037109375,0.734375,0,0.0304724804241401,0.00183388810237471,296,97,11,173
"789",4,0.015625,0.7109375,0,0.0304724804241401,0.00183388810237471,297,74,11,128
"790",7,0,0.65625,0,0.0304724804241401,0.00183388810237471,298,11,11,20
"791",0,0,0.828125,1,0.0304724804241401,0.00183388810237471,299,11,11,20
"792",0,0.02685546875,0.6328125,1,0.0304724804241401,0.00183388810237471,300,76,11,134
"793",9,0.0703125,0.65625,1,0.0304724804241401,0.00183388810237471,301,76,11,134
"794",3,0,0.765625,0,0.0304724804241401,0.00183388810237471,302,76,11,134
"795",0,0,0.765625,1,0.0304724804241401,0.00183388810237471,303,76,11,134
"796",0,0.015625,0.5859375,1,0.0304724804241401,0.00183388810237471,304,113,11,212
"797",0,0.015625,0.5859375,0,0.0304724804241401,0.00183388810237471,305,113,11,212
"798",5,0.1298828125,0.65625,0,0.0304724804241401,0.00183388810237471,306,113,11,212
"799",2,0,0.8125,1,0.0304724804241401,0.00183388810237471,307,94,11,167
"800",0,0,0.8125,0,0.0304724804241401,0.00183388810237471,308,94,11,167
"801",0,0,0.8125,1,0.0304724804241401,0.00183388810237471,309,94,11,167
"802",1,0.0302734375,0.703125,1,0.0304724804241401,0.00183388810237471,310,105,11,192
"803",0,0.0302734375,0.703125,1,0.0304724804241401,0.00183388810237471,311,105,11,192
"804",0,0.00390625,0.8046875,1,0.0304724804241401,0.00183388810237471,312,105,11,192
"805",0,0,0.87890625,1,0.0304724804241401,0.00183388810237471,313,74,11,128
"806",0,0,0.609375,1,0.0304724804241401,0.00183388810237471,314,74,11,128
"807",12,0,0.609375,1,0.0304724804241401,0.00183388810237471,315,74,11,128
"808",0,0.125,0.71875,1,0.0304724804241401,0.00183388810237471,316,74,11,128
"809",0,0.033203125,0.5234375,0,0.0304724804241401,0.00183388810237471,317,13,11,23
"810",0,0.0625,0.4921875,0,0.0304724804241401,0.00183388810237471,318,13,11,23
"811",0,0,0.78515625,1,0.0304724804241401,0.00183388810237471,319,3,11,5
"812",0,0.05859375,0.5625,1,0.0304724804241401,0.00183388810237471,320,108,11,200
"813",0,0,0.703125,0,0.0304724804241401,0.00183388810237471,321,98,11,177
"814",0,0,0.703125,0,0.0304724804241401,0.00183388810237471,322,98,11,177
"815",0,0.0390625,0.5078125,1,0.0304724804241401,0.00183388810237471,323,98,11,177
"816",0,0,0.8671875,1,0.0304724804241401,0.00183388810237471,325,9,11,15
"817",0,0,0.8671875,0,0.0304724804241401,0.00183388810237471,326,9,11,15
"818",2,0,0.6796875,0,0.0304724804241401,0.00183388810237471,327,9,11,15
"819",3,0,0.6875,1,0.0304724804241401,0.00183388810237471,328,73,11,123
"820",0,0,0.6875,0,0.0304724804241401,0.00183388810237471,330,73,11,123
"821",0,0,0.375,1,0.0304724804241401,0.00183388810237471,331,73,11,123
"822",0,0,0.765625,1,0.0304724804241401,0.00183388810237471,332,76,11,134
"823",0,0.0078125,0.69140625,0,0.0304724804241401,0.00183388810237471,333,111,11,206
"824",0,0.015625,0.65625,1,0.0304724804241401,0.00183388810237471,334,111,11,206
"825",0,0.0625,0.84375,1,0.0304724804241401,0.00183388810237471,335,2,11,2
"826",0,0,0.734375,0,0.0304724804241401,0.00183388810237471,717,97,11,173
"827",1,0.0390625,0.578125,1,0.0304724804241401,0.00183388810237471,718,97,11,173
"828",0,0,0.9453125,0,0.0304724804241401,0.00183388810237471,721,105,11,192
"829",0,0,0.4453125,1,0.0304724804241401,0.00183388810237471,722,105,11,192
"830",0,0.278076171875,0.44140625,1,0.0386507861604835,0.0247251867051991,724,109,12,203
"831",0,0.04052734375,0.5390625,1,0.0386507861604835,0.0247251867051991,725,109,12,203
"832",0,0.04052734375,0.5390625,0,0.0386507861604835,0.0247251867051991,726,109,12,203
"833",0,0,0.7734375,1,0.0386507861604835,0.0247251867051991,727,113,12,213
"834",0,0,0.7734375,1,0.0386507861604835,0.0247251867051991,728,113,12,213
"835",0,0.0078125,0.5859375,0,0.0386507861604835,0.0247251867051991,729,94,12,168
"836",0,0.0078125,0.5859375,1,0.0386507861604835,0.0247251867051991,730,94,12,168
"837",0,0.0078125,0.5859375,0,0.0386507861604835,0.0247251867051991,731,94,12,168
"838",0,0.015625,0.59375,1,0.0386507861604835,0.0247251867051991,732,13,12,24
"839",0,0,0.8515625,0,0.0386507861604835,0.0247251867051991,733,15,12,27
"840",0,0,0.828125,1,0.0386507861604835,0.0247251867051991,734,106,12,196
"841",0,0.0380859375,0.6484375,1,0.0386507861604835,0.0247251867051991,735,106,12,196
"842",0,0.0625,0.4921875,0,0.0386507861604835,0.0247251867051991,736,13,12,24
"843",0,0.015625,0.59375,1,0.0386507861604835,0.0247251867051991,737,13,12,24
"844",0,0.015625,0.59375,1,0.0386507861604835,0.0247251867051991,738,13,12,24
"845",0,0.015625,0.609375,0,0.0386507861604835,0.0247251867051991,739,6,12,10
"846",0,0.015625,0.609375,1,0.0386507861604835,0.0247251867051991,740,6,12,10
"847",0,0.015625,0.609375,0,0.0386507861604835,0.0247251867051991,741,6,12,10
"848",0,0.015625,0.609375,1,0.0386507861604835,0.0247251867051991,742,6,12,10
"849",0,0.06884765625,0.71484375,0,0.0386507861604835,0.0247251867051991,743,12,12,21
"850",0,0.010009765625,0.73828125,1,0.0386507861604835,0.0247251867051991,744,12,12,21
"851",0,0.0245361328125,0.6953125,0,0.0386507861604835,0.0247251867051991,745,19,12,32
"852",0,0.0245361328125,0.6953125,1,0.0386507861604835,0.0247251867051991,746,19,12,32
"853",1,0.0029296875,0.7578125,1,0.0386507861604835,0.0247251867051991,747,14,12,25
"854",3,0.0029296875,0.7578125,1,0.0386507861604835,0.0247251867051991,748,14,12,25
"855",0,0,0.9375,1,0.0386507861604835,0.0247251867051991,749,2,12,3
"856",0,0,0.9375,1,0.0386507861604835,0.0247251867051991,750,2,12,3
"857",0,0.008056640625,0.765625,1,0.0386507861604835,0.0247251867051991,751,2,12,3
"858",0,0.008056640625,0.765625,0,0.0386507861604835,0.0247251867051991,752,2,12,3
"859",0,0.013671875,0.7421875,1,0.0386507861604835,0.0247251867051991,753,18,12,31
"860",0,0.015625,0.6953125,0,0.0386507861604835,0.0247251867051991,754,18,12,31
"861",0,0,0.8828125,0,0.0386507861604835,0.0247251867051991,755,18,12,31
"862",0,0.25,0.7109375,1,0.0386507861604835,0.0247251867051991,765,74,12,129
"863",0,0,0.90625,0,0.0386507861604835,0.0247251867051991,776,74,12,129
"864",0,0,0.84375,1,0.0386507861604835,0.0247251867051991,787,111,12,207
"865",0,0.00732421875,0.78125,1,0.0386507861604835,0.0247251867051991,798,100,12,184
"866",0,0.02471923828125,0.669921875,0,0.0386507861604835,0.0247251867051991,809,20,12,33
"867",0,0,0.76953125,1,0.0386507861604835,0.0247251867051991,820,5,12,9
"868",1,0.0819091796875,0.55078125,1,0.0386507861604835,0.0247251867051991,831,5,12,9
"869",4,0,0.6875,0,0.0386507861604835,0.0247251867051991,842,97,12,174
"870",0,0,0.734375,0,0.0386507861604835,0.0247251867051991,853,97,12,174
"871",0,0,0.6875,0,0.0386507861604835,0.0247251867051991,864,97,12,174
"872",3,0,0.6875,0,0.0386507861604835,0.0247251867051991,866,97,12,174
"873",0,0.01953125,0.6796875,0,0.0386507861604835,0.0247251867051991,867,97,12,174
"874",0,0,0.515625,0,0.0386507861604835,0.0247251867051991,868,98,12,178
"875",0,0,0.515625,1,0.0386507861604835,0.0247251867051991,869,98,12,178
"876",0,0,0.515625,0,0.0386507861604835,0.0247251867051991,870,98,12,178
"877",0,0,0.6875,1,0.0386507861604835,0.0247251867051991,871,73,12,124
"878",0,0,0.9453125,0,0.0386507861604835,0.0247251867051991,872,105,12,193
"879",0,0.017578125,0.75,1,0.0386507861604835,0.0247251867051991,873,105,12,193
"880",0,0.017578125,0.75,0,0.0386507861604835,0.0247251867051991,874,105,12,193
"881",0,0,0.7578125,1,0.0386507861604835,0.0247251867051991,875,105,12,193
"882",0,0.1064453125,0.66796875,1,0.0386507861604835,0.0247251867051991,876,7,12,11
"883",4,0,0.86328125,0,0.0386507861604835,0.0247251867051991,877,7,12,11
"884",0,0.021728515625,0.6953125,1,0.0386507861604835,0.0247251867051991,878,9,12,16
"885",0,0.021728515625,0.6953125,0,0.0386507861604835,0.0247251867051991,879,9,12,16
"886",0,0.021728515625,0.6953125,0,0.0386507861604835,0.0247251867051991,880,9,12,16
"887",0,0,0.8125,1,0.0386507861604835,0.0247251867051991,881,3,12,6
"888",0,0.0224609375,0.61328125,0,0.0386507861604835,0.0247251867051991,882,16,12,28
"889",3,0,0.85546875,1,0.0386507861604835,0.0247251867051991,883,16,12,28
"890",0,0.04052734375,0.5390625,1,0.0386507861604835,0.0247251867051991,884,109,12,203
"891",0,0.04052734375,0.5390625,1,0.0386507861604835,0.0247251867051991,885,109,12,203
"892",6,0.04052734375,0.5390625,0,0.0386507861604835,0.0247251867051991,886,109,12,203
"893",0,0.278076171875,0.44140625,1,0.0386507861604835,0.0247251867051991,888,109,12,203
"894",0,0.0245361328125,0.6953125,1,0.0386507861604835,0.0247251867051991,889,19,12,32
"895",0,0,0.828125,1,0.0386507861604835,0.0247251867051991,890,19,12,32
"896",0,0.0245361328125,0.6953125,1,0.0386507861604835,0.0247251867051991,891,19,12,32
"897",0,0,0.84375,1,0.0386507861604835,0.0247251867051991,893,111,12,207
"898",0,0,0.84375,1,0.0386507861604835,0.0247251867051991,894,111,12,207
"899",0,0,0.9140625,1,0.0386507861604835,0.0247251867051991,895,14,12,25
"900",0,0.0234375,0.7265625,0,0.0386507861604835,0.0247251867051991,896,14,12,25
"901",0,0.0029296875,0.7578125,1,0.0386507861604835,0.0247251867051991,897,14,12,25
"902",0,0,0.796875,1,0.0386507861604835,0.0247251867051991,898,2,12,3
"903",0,0,0.9375,0,0.0386507861604835,0.0247251867051991,899,2,12,3
"904",0,0,0.9375,1,0.0386507861604835,0.0247251867051991,900,2,12,3
"905",0,0,0.828125,1,0.0386507861604835,0.0247251867051991,901,106,12,196
"906",0,0,0.828125,1,0.0386507861604835,0.0247251867051991,902,106,12,196
"907",0,0,0.828125,0,0.0386507861604835,0.0247251867051991,903,106,12,196
"908",0,0,0.828125,1,0.0386507861604835,0.0247251867051991,904,106,12,196
"909",0,0.020263671875,0.74609375,1,0.0386507861604835,0.0247251867051991,905,20,12,33
"910",0,0.078125,0.67578125,0,0.0386507861604835,0.0247251867051991,906,74,12,129
"911",0,0,0.76953125,1,0.0386507861604835,0.0247251867051991,907,5,12,9
"912",0,0.0819091796875,0.55078125,1,0.0386507861604835,0.0247251867051991,908,5,12,9
"913",0,0.01953125,0.6796875,0,0.0386507861604835,0.0247251867051991,909,97,12,174
"914",0,0.01953125,0.6796875,1,0.0386507861604835,0.0247251867051991,910,97,12,174
"915",0,0.01953125,0.6796875,0,0.0386507861604835,0.0247251867051991,911,97,12,174
"916",0,0.01953125,0.6796875,1,0.0386507861604835,0.0247251867051991,912,97,12,174
"917",0,0,0.7734375,1,0.0386507861604835,0.0247251867051991,913,113,12,213
"918",0,0,0.7734375,1,0.0386507861604835,0.0247251867051991,914,113,12,213
"919",0,0,0.7734375,1,0.0386507861604835,0.0247251867051991,915,113,12,213
"920",0,0,0.7734375,0,0.0386507861604835,0.0247251867051991,916,113,12,213
"921",0,0,0.9140625,0,0.0386507861604835,0.0247251867051991,917,100,12,184
"922",4,0.017578125,0.75,0,0.0386507861604835,0.0247251867051991,1,105,12,193
"923",0,0.03125,0.546875,1,0.0468290918968269,0.0527686780762557,2,98,13,179
"924",0,0.03125,0.546875,0,0.0468290918968269,0.0527686780762557,3,98,13,179
"925",0,0,0.828125,1,0.0468290918968269,0.0527686780762557,4,106,13,197
"926",0,0.0380859375,0.6484375,1,0.0468290918968269,0.0527686780762557,5,106,13,197
"927",0,0,0.828125,1,0.0468290918968269,0.0527686780762557,6,106,13,197
"928",0,0.0771484375,0.625,1,0.0468290918968269,0.0527686780762557,7,8,13,14
"929",0,0.0113525390625,0.724609375,0,0.0468290918968269,0.0527686780762557,8,8,13,14
"930",0,0,0.8671875,1,0.0468290918968269,0.0527686780762557,9,9,13,17
"931",0,0,0.8671875,1,0.0468290918968269,0.0527686780762557,10,9,13,17
"932",0,0.021728515625,0.6953125,0,0.0468290918968269,0.0527686780762557,11,9,13,17
"933",0,0,0.931640625,1,0.0468290918968269,0.0527686780762557,12,91,13,161
"934",0,0.10546875,0.4765625,0,0.0468290918968269,0.0527686780762557,13,113,13,214
"935",0,0.0494384765625,0.712890625,1,0.0468290918968269,0.0527686780762557,14,2,13,4
"936",0,0.10546875,0.4765625,1,0.0468290918968269,0.0527686780762557,15,113,13,214
"937",0,0.10546875,0.4765625,0,0.0468290918968269,0.0527686780762557,16,113,13,214
"938",0,0.072509765625,0.54296875,0,0.0468290918968269,0.0527686780762557,17,113,13,214
"939",0,0.015625,0.6875,1,0.0468290918968269,0.0527686780762557,18,111,13,208
"940",0,0.01953125,0.69921875,1,0.0468290918968269,0.0527686780762557,19,111,13,208
"941",0,0,0.75,1,0.0468290918968269,0.0527686780762557,20,3,13,7
"942",0,0.044189453125,0.65625,1,0.0468290918968269,0.0527686780762557,21,1,13,1
"943",0,0,0.875,0,0.0468290918968269,0.0527686780762557,22,1,13,1
"944",0,0.05859375,0.6484375,0,0.0468290918968269,0.0527686780762557,23,17,13,30
"945",0,0.0732421875,0.67578125,0,0.0468290918968269,0.0527686780762557,24,17,13,30
"946",0,0.0732421875,0.67578125,1,0.0468290918968269,0.0527686780762557,25,17,13,30
"947",0,0.049072265625,0.76171875,0,0.0468290918968269,0.0527686780762557,26,100,13,185
"948",0,0.049072265625,0.76171875,1,0.0468290918968269,0.0527686780762557,27,100,13,185
"949",0,0.25146484375,0.79296875,0,0.0468290918968269,0.0527686780762557,28,14,13,26
"950",0,0,0.9140625,1,0.0468290918968269,0.0527686780762557,29,14,13,26
"951",0,0.25146484375,0.79296875,0,0.0468290918968269,0.0527686780762557,30,14,13,26
"952",0,0.0765380859375,0.45703125,0,0.0468290918968269,0.0527686780762557,31,92,13,163
"953",0,0.0765380859375,0.45703125,0,0.0468290918968269,0.0527686780762557,32,92,13,163
"954",0,0.0765380859375,0.45703125,1,0.0468290918968269,0.0527686780762557,33,92,13,163
"955",0,0.0234375,0.671875,0,0.0468290918968269,0.0527686780762557,34,17,13,30
"956",0,0,0.828125,1,0.0468290918968269,0.0527686780762557,35,17,13,30
"957",0,0.02545166015625,0.734375,1,0.0468290918968269,0.0527686780762557,36,16,13,29
"958",0,0,0.35546875,0,0.0468290918968269,0.0527686780762557,37,16,13,29
"959",0,0.03961181640625,0.72265625,1,0.0468290918968269,0.0527686780762557,38,90,13,160
"960",0,0.015625,0.7578125,0,0.0468290918968269,0.0527686780762557,39,90,13,160
"961",0,0.015625,0.7578125,1,0.0468290918968269,0.0527686780762557,40,90,13,160
"962",0,0.017333984375,0.67578125,1,0.0468290918968269,0.0527686780762557,41,7,13,12
"963",0,0.017333984375,0.67578125,0,0.0468290918968269,0.0527686780762557,42,7,13,12
"964",0,0.1171875,0.5234375,0,0.0468290918968269,0.0527686780762557,43,98,13,179
"965",0,0.03125,0.546875,0,0.0468290918968269,0.0527686780762557,44,98,13,179
"966",0,0.01953125,0.546875,1,0.0468290918968269,0.0527686780762557,45,84,13,155
"967",0,0,0.84375,0,0.0468290918968269,0.0527686780762557,46,84,13,155
"968",0,0.023895263671875,0.701171875,1,0.0468290918968269,0.0527686780762557,47,91,13,161
"969",0,0.023895263671875,0.701171875,0,0.0468290918968269,0.0527686780762557,48,91,13,161
"970",0,0.000732421875,0.837890625,1,0.0468290918968269,0.0527686780762557,49,91,13,161
"971",0,0.01416015625,0.7578125,0,0.0468290918968269,0.0527686780762557,50,2,13,4
"972",0,0.01416015625,0.7578125,0,0.0468290918968269,0.0527686780762557,51,2,13,4
"973",0,0.00189208984375,0.865234375,1,0.0468290918968269,0.0527686780762557,52,2,13,4
"974",0,0.048828125,0.640625,0,0.0468290918968269,0.0527686780762557,53,9,13,17
"975",0,0,0.87109375,1,0.0468290918968269,0.0527686780762557,54,12,13,22
"976",0,0.0185546875,0.6796875,0,0.0468290918968269,0.0527686780762557,55,9,13,17
"977",0,0.0380859375,0.6484375,1,0.0468290918968269,0.0527686780762557,56,106,13,197
"978",0,0,0.828125,0,0.0468290918968269,0.0527686780762557,57,106,13,197
"979",0,0.060546875,0.578125,1,0.0468290918968269,0.0527686780762557,58,113,13,214
"980",0,0.060546875,0.578125,0,0.0468290918968269,0.0527686780762557,59,113,13,214
"981",0,0.0078125,0.828125,1,0.0468290918968269,0.0527686780762557,60,100,13,185
"982",0,0.02734375,0.6875,1,0.0468290918968269,0.0527686780762557,61,100,13,185
"983",0,0.0078125,0.828125,0,0.0468290918968269,0.0527686780762557,62,100,13,185
"984",0,0.02734375,0.6875,1,0.0468290918968269,0.0527686780762557,63,100,13,185
"985",0,0,1,1,0.0468290918968269,0.0527686780762557,64,133,13,234
"986",0,0,1,0,0.0468290918968269,0.0527686780762557,65,134,13,235
"987",0,0,1,1,0.0468290918968269,0.0527686780762557,66,135,13,236
"988",0,0.037109375,0.755859375,0,0.0468290918968269,0.0527686780762557,67,17,13,30
"989",0,0.05859375,0.6484375,1,0.0468290918968269,0.0527686780762557,68,17,13,30
"990",0,0,1,1,0.0468290918968269,0.0527686780762557,69,136,13,237
"991",0,0,1,1,0.0468290918968269,0.0527686780762557,70,138,13,239
"992",0,0,0.78125,0,0.0468290918968269,0.0527686780762557,71,111,13,208
"993",0,0.0625,0.6328125,1,0.0468290918968269,0.0527686780762557,72,111,13,208
"994",0,0.12890625,0.7578125,0,0.0468290918968269,0.0527686780762557,73,111,13,208
"995",0,0.0771484375,0.625,1,0.0468290918968269,0.0527686780762557,74,8,13,14
"996",0,0.0771484375,0.625,0,0.0468290918968269,0.0527686780762557,75,8,13,14
"997",0,0.0771484375,0.625,1,0.0468290918968269,0.0527686780762557,76,8,13,14
"998",0,0.0771484375,0.625,1,0.0468290918968269,0.0527686780762557,77,8,13,14
"999",0,0.27880859375,0.5390625,0,0.0468290918968269,0.0527686780762557,78,92,13,163
"1000",0,0.0765380859375,0.45703125,1,0.0468290918968269,0.0527686780762557,79,92,13,163
"1001",0,0.0765380859375,0.45703125,0,0.0468290918968269,0.0527686780762557,80,92,13,163
"1002",0,0,1,1,0.0468290918968269,0.0527686780762557,81,139,13,240
"1003",0,0,1,0,0.0468290918968269,0.0527686780762557,82,140,13,241
"1004",0,0,0.875,1,0.0468290918968269,0.0527686780762557,83,1,13,1
"1005",0,0.044189453125,0.65625,0,0.0468290918968269,0.0527686780762557,84,1,13,1
"1006",0,0.017333984375,0.67578125,1,0.0468290918968269,0.0527686780762557,85,7,13,12
"1007",0,0.017333984375,0.67578125,0,0.0468290918968269,0.0527686780762557,86,7,13,12
"1008",0,0.017333984375,0.67578125,1,0.0468290918968269,0.0527686780762557,87,7,13,12
"1009",0,0.012939453125,0.6953125,0,0.0468290918968269,0.0527686780762557,88,84,13,155
"1010",0,0,0.84375,1,0.0468290918968269,0.0527686780762557,89,84,13,155
"1011",0,0,1,0,0.0468290918968269,0.0527686780762557,90,141,13,242
