"","LBS","inbreeding","Qgg","sexU","stcohort","id","dam","cohort","birthclan","DamCohort"
"1",1,0,1,0,-2.39647617985483,"2",33,1,1,104
"2",10,0,1,0,-1.82103702582133,"7",12,3,1,45
"3",8,0,1,0,-1.82103702582133,"8",44,3,1,115
"4",4,0,1,0,-1.82103702582133,"9",1,3,1,1
"5",7,0,1,0,-1.82103702582133,"15",1,3,1,1
"6",15,0,0.5,0,-1.82103702582133,"16",13,3,1,50
"7",2,0,1,1,-1.82103702582133,"18",55,3,1,126
"8",10,0,0.5,1,-1.82103702582133,"19",10,3,1,38
"9",0,0,1,1,-2.10875660283808,"21",66,2,1,137
"10",7,0,0.5,1,-1.82103702582133,"23",1,3,1,1
"11",11,0,0.5,1,-1.82103702582133,"24",3,3,1,11
"12",0,0,1,1,-2.10875660283808,"27",77,2,1,148
"13",0,0,1,1,-2.10875660283808,"28",88,2,1,159
"14",9,0,1,1,-1.53331744880458,"29",99,4,1,170
"15",4,0,1,1,-1.82103702582133,"30",103,3,1,172
"16",0,0,0.5,1,-1.82103702582133,"31",16,3,1,67
"17",0,0,1,1,-1.53331744880458,"32",104,4,1,173
"18",0,0,1,1,0.480719590312666,"33",34,11,1,102
"19",0,0,1,0,0.480719590312666,"34",35,11,1,103
"20",0,0,0.5,0,0.768439167329415,"35",13,12,1,55
"21",8,0,1,0,-1.24559787178783,"36",2,5,1,10
"22",9,0,0.5,0,-1.24559787178783,"37",16,5,1,68
"23",0,0,0.5,1,-1.53331744880458,"38",6,4,1,26
"24",0,0,1,1,-1.24559787178783,"39",36,5,1,105
"25",6,0,0.5,1,-1.53331744880458,"40",1,4,1,2
"26",1,0,0.5,1,-1.53331744880458,"41",3,4,1,12
"27",0,0,0.5,1,-1.24559787178783,"42",11,5,1,44
"28",14,0,1,1,-1.24559787178783,"43",11,5,1,44
"29",0,0,0.5,0,-1.24559787178783,"44",1,5,1,3
"30",0,0,0.5,1,-1.24559787178783,"45",1,5,1,3
"31",0,0,0.5,1,-0.957878294771084,"46",12,6,1,46
"32",0,0,0.5,1,-0.957878294771084,"47",12,6,1,46
"33",2,0,1,1,-1.24559787178783,"48",13,5,1,51
"34",8,0,1,1,-1.24559787178783,"49",37,5,1,106
"35",0,0,0.5,0,-0.957878294771084,"50",4,6,1,19
"36",0,0,1,1,-1.24559787178783,"51",38,5,1,107
"37",0,0,0.5,0,-0.957878294771084,"52",3,6,1,13
"38",0,0,0.5,1,-0.957878294771084,"53",3,6,1,13
"39",0,0,0.5,0,-0.957878294771084,"54",9,6,1,36
"40",0,0,0.5,1,-0.957878294771084,"55",9,6,1,36
"41",2,0,1,1,-0.957878294771084,"56",5,6,1,20
"42",1,0,1,0,-0.670158717754334,"57",1,7,1,4
"43",10,0,1,0,-0.670158717754334,"58",13,7,1,52
"44",0,0,0.5,1,-0.670158717754334,"59",13,7,1,52
"45",0,0,1,0,-0.670158717754334,"60",3,7,1,14
"46",2,0,0.5,0,-0.670158717754334,"61",9,7,1,37
"47",11,0,0.5,0,-0.670158717754334,"62",9,7,1,37
"48",7,0,1,0,-0.382439140737584,"63",1,8,1,5
"49",0,0,1,0,-0.382439140737584,"64",1,8,1,5
"50",0,0,1,1,-0.382439140737584,"65",8,8,1,31
"51",0,0,0.5,0,-0.382439140737584,"66",17,8,1,73
"52",0,0,0.5,1,-0.670158717754334,"67",16,7,1,69
"53",0,0,1,0,-0.670158717754334,"68",39,7,1,108
"54",0,0,1,1,-1.53331744880458,"69",40,4,1,109
"55",7,0,1,0,-0.957878294771084,"70",10,6,1,39
"56",2,0,1,0,-0.382439140737584,"71",16,8,1,70
"57",9,0,1,0,-0.382439140737584,"72",12,8,1,47
"58",0,0,1,1,-0.382439140737584,"73",5,8,1,21
"59",1,0,1,1,-0.382439140737584,"74",16,8,1,70
"60",8,0,1,0,-0.382439140737584,"75",10,8,1,40
"61",0,0,0.5,0,-0.382439140737584,"76",10,8,1,40
"62",0,0,0.75,1,-0.0947195637208342,"77",3,9,1,15
"63",18,0,1,1,-0.0947195637208342,"78",13,9,1,53
"64",13,0,1,1,-0.0947195637208342,"79",13,9,1,53
"65",11,0,0.5,1,-0.0947195637208342,"80",18,9,1,78
"66",4,0,1,1,-0.0947195637208342,"81",8,9,1,32
"67",0,0,0.5,1,-0.0947195637208342,"82",8,9,1,32
"68",0,0,1,1,-0.0947195637208342,"83",1,9,1,6
"69",18,0,1,1,-0.0947195637208342,"84",1,9,1,6
"70",1,0,0.75,0,-0.0947195637208342,"85",17,9,1,74
"71",0,0,0.75,1,-0.0947195637208342,"86",17,9,1,74
"72",0,0,1,1,0.193000013295916,"87",5,10,1,22
"73",3,0,1,0,0.193000013295916,"88",5,10,1,22
"74",0,0,0.5,0,0.193000013295916,"89",3,10,1,16
"75",0,0,0.5,1,0.193000013295916,"90",3,10,1,16
"76",6,0,1,0,0.193000013295916,"91",24,10,1,89
"77",2,0,1,0,0.193000013295916,"92",24,10,1,89
"78",15,0,0.75,1,-0.0947195637208342,"93",12,9,1,48
"79",4,0,0.5,1,0.193000013295916,"94",18,10,1,79
"80",9,0,0.75,0,0.193000013295916,"95",16,10,1,71
"81",6,0,0.75,0,0.193000013295916,"96",16,10,1,71
"82",0,0,0.5,1,0.193000013295916,"97",10,10,1,41
"83",10,0,0.75,1,0.193000013295916,"98",10,10,1,41
"84",0,0,0.75,0,0.193000013295916,"99",8,10,1,33
"85",0,0,1,0,0.480719590312666,"100",19,11,1,82
"86",7,0,1,0,0.480719590312666,"101",3,11,1,17
"87",3,0,1,1,0.480719590312666,"102",1,11,1,7
"88",0,0,0.5,1,0.480719590312666,"103",3,11,1,17
"89",0,0,0.75,1,0.480719590312666,"104",21,11,1,85
"90",0,0,0.75,0,0.480719590312666,"105",21,11,1,85
"91",26,0,1,1,0.480719590312666,"106",24,11,1,90
"92",0,0,1,1,0.480719590312666,"107",24,11,1,90
"93",0,0,0.5,1,0.480719590312666,"108",5,11,1,23
"94",0,0,0.5,1,0.480719590312666,"109",5,11,1,23
"95",0,0,1,0,0.480719590312666,"110",27,11,1,95
"96",0,0,0.5,0,0.480719590312666,"111",27,11,1,95
"97",0,0,0.5,1,0.480719590312666,"112",13,11,1,54
"98",0,0,1,1,0.480719590312666,"113",41,11,1,110
"99",0,0,1,1,0.480719590312666,"114",42,11,1,111
"100",1,0,1,0,0.480719590312666,"115",10,11,1,42
"101",0,0,0.5,1,0.480719590312666,"116",10,11,1,42
"102",0,0,0.5,0,0.480719590312666,"117",17,11,1,75
"103",0,0,0.25,1,0.768439167329415,"118",18,12,1,80
"104",0,0,0.75,1,0.768439167329415,"119",22,12,1,86
"105",12,0,1,0,0.480719590312666,"120",20,11,1,83
"106",0,0,1,0,0.768439167329415,"121",8,12,1,34
"107",4,0,1,1,0.768439167329415,"122",8,12,1,34
"108",0,0.125,1,0,0.768439167329415,"123",17,12,1,76
"109",0,0,0.5,1,0.768439167329415,"124",17,12,1,76
"110",0,0,0.5,1,0.768439167329415,"125",12,12,1,49
"111",0,0,0.5,1,0.768439167329415,"126",12,12,1,49
"112",0,0,0.5,0,0.768439167329415,"127",13,12,1,55
"113",0,0,0.5,0,0.768439167329415,"128",26,12,1,94
"114",0,0,0.5,0,0.768439167329415,"129",5,12,1,24
"115",0,0,1,1,1.05615874434617,"130",24,13,1,91
"116",0,0,0.5,0,1.05615874434617,"131",30,13,1,99
"117",0,0,0.5,1,1.05615874434617,"132",30,13,1,99
"118",0,0,0.5,0,1.05615874434617,"133",3,13,1,18
"119",7,0,1,0,1.05615874434617,"134",3,13,1,18
"120",0,0,1,1,1.05615874434617,"135",23,13,1,88
"121",0,0,0.5,0,1.05615874434617,"136",31,13,1,100
"122",0,0,1,1,1.05615874434617,"137",31,13,1,100
"123",11,0,0.75,1,1.05615874434617,"138",22,13,1,87
"124",0,0,1,1,1.05615874434617,"139",20,13,1,84
"125",0,0,1,1,1.05615874434617,"140",20,13,1,84
"126",11,0,1,1,1.05615874434617,"141",13,13,1,56
"127",0,0.25,1,0,1.05615874434617,"142",30,13,1,99
"128",0,0.25,1,1,1.05615874434617,"143",30,13,1,99
"129",0,0,0.5,0,1.05615874434617,"144",1,13,1,8
"130",0,0,0.5,1,1.05615874434617,"145",1,13,1,8
"131",0,0,1,0,1.05615874434617,"146",43,13,1,112
"132",0,0,0.375,0,1.05615874434617,"147",28,13,1,97
"133",5,0,1,0,1.34387832136292,"148",24,14,1,92
"134",0,0,0.5,0,1.34387832136292,"149",24,14,1,92
"135",21,0,1,0,1.34387832136292,"150",10,14,1,43
"136",14,0,1,0,1.34387832136292,"151",10,14,1,43
"137",0,0,1,1,1.34387832136292,"152",16,14,1,72
"138",0,0,0.25,0,1.34387832136292,"153",18,14,1,81
"139",2,0,0.75,1,1.34387832136292,"154",18,14,1,81
"140",7,0,1,1,1.34387832136292,"155",27,14,1,96
"141",0,0,1,0,1.34387832136292,"156",8,14,1,35
"142",0,0,1,0,1.34387832136292,"157",8,14,1,35
"143",0,0,0.5,1,1.34387832136292,"158",17,14,1,77
"144",0,0,0.5,1,1.34387832136292,"159",17,14,1,77
"145",3,0.125,1,0,1.34387832136292,"160",29,14,1,98
"146",0,0,0.5,0,1.34387832136292,"161",25,14,1,93
"147",4,0,1,0,1.34387832136292,"162",1,14,1,9
"148",0,0,1,0,1.34387832136292,"163",5,14,1,25
"149",0,0,0.375,1,1.34387832136292,"164",32,14,1,101
"150",0,0,0.875,1,1.34387832136292,"165",32,14,1,101
"151",10,0,0.5,0,-2.39647617985483,"166",107,1,2,185
"152",10,0,0.5,0,-2.10875660283808,"167",107,2,2,186
"153",0,0,1,0,-1.53331744880458,"169",45,4,2,113
"154",13,0,1,0,-0.957878294771084,"170",107,6,2,189
"155",3,0,1,1,-1.82103702582133,"173",46,3,2,114
"156",5,0,1,0,-1.53331744880458,"174",47,4,2,116
"157",8,0,0.5,1,-1.82103702582133,"175",107,3,2,187
"158",0,0,0.25,0,-1.53331744880458,"176",105,4,2,174
"159",4,0,1,1,-1.53331744880458,"177",48,4,2,117
"160",11,0,0.5,0,-1.24559787178783,"178",107,5,2,188
"161",0,0,0.25,0,-0.957878294771084,"179",105,6,2,175
"162",7,0,0.75,0,-0.957878294771084,"180",105,6,2,175
"163",0,0,0.75,0,-0.957878294771084,"181",106,6,2,180
"164",5,0,0.75,0,-0.670158717754334,"182",105,7,2,176
"165",0,0,0.75,1,-0.670158717754334,"183",105,7,2,176
"166",6,0,0.75,0,-0.670158717754334,"184",106,7,2,181
"167",8,0,0.75,0,-0.670158717754334,"185",106,7,2,181
"168",4,0,0.5,1,-0.382439140737584,"186",110,8,2,198
"169",10,0,0.5,1,-0.382439140737584,"187",110,8,2,198
"170",0,0,0.25,1,-0.0947195637208342,"188",106,9,2,182
"171",0,0,0.25,1,-0.0947195637208342,"189",106,9,2,182
"172",1,0,0.75,0,-0.0947195637208342,"190",105,9,2,177
"173",17,0,0.75,1,-0.0947195637208342,"191",105,9,2,177
"174",7,0,0.5,0,-0.0947195637208342,"192",110,9,2,199
"175",0,0,0.25,1,-0.0947195637208342,"193",110,9,2,199
"176",0,0,0.75,1,-0.0947195637208342,"194",106,9,2,182
"177",0,0,0.25,1,-0.0947195637208342,"195",106,9,2,182
"178",0,0,0.75,0,-0.0947195637208342,"196",108,9,2,191
"179",0,0,0.75,1,-0.0947195637208342,"197",108,9,2,191
"180",6,0,0.75,0,-0.0947195637208342,"198",109,9,2,195
"181",4,0,1,0,-0.0947195637208342,"199",109,9,2,195
"182",7,0,0.875,0,-0.0947195637208342,"200",111,9,2,203
"183",0,0,0.625,1,0.193000013295916,"201",113,10,2,208
"184",0,0,0.375,0,0.193000013295916,"202",114,10,2,211
"185",0,0,0.375,1,0.193000013295916,"203",114,10,2,211
"186",0,0,0.25,0,0.193000013295916,"204",105,10,2,178
"187",1,0,0.5,1,0.193000013295916,"205",110,10,2,200
"188",0,0,0.25,1,0.193000013295916,"206",110,10,2,200
"189",0,0,1,1,0.193000013295916,"207",107,10,2,190
"190",0,0,0.5,0,0.193000013295916,"208",106,10,2,183
"191",0,0,0.25,1,0.193000013295916,"209",106,10,2,183
"192",0,0,0.75,1,0.480719590312666,"210",108,11,2,192
"193",0,0,0.5,1,0.480719590312666,"211",108,11,2,192
"194",2,0,0.625,0,0.480719590312666,"212",111,11,2,204
"195",11,0,0.75,0,0.480719590312666,"213",108,11,2,192
"196",0,0,0.5,0,0.480719590312666,"214",108,11,2,192
"197",0,0,1,1,0.480719590312666,"215",109,11,2,196
"198",0,0,0.25,0,0.768439167329415,"216",106,12,2,184
"199",0,0,0.25,0,0.768439167329415,"217",105,12,2,179
"200",0,0,0.25,0,0.768439167329415,"218",105,12,2,179
"201",0,0,0.25,0,0.768439167329415,"219",110,12,2,201
"202",2,0,0.5,0,0.768439167329415,"220",110,12,2,201
"203",5,0.03125,0.625,0,0.768439167329415,"221",113,12,2,209
"204",0,0,0.25,0,1.05615874434617,"222",116,13,2,213
"205",0,0,0.5,0,1.05615874434617,"223",108,13,2,193
"206",1,0,1,1,1.05615874434617,"224",108,13,2,193
"207",0,0,0.875,1,1.05615874434617,"225",112,13,2,206
"208",0,0,0.375,1,1.05615874434617,"226",111,13,2,205
"209",4,0,0.875,0,1.05615874434617,"227",111,13,2,205
"210",7,0,0.875,1,1.05615874434617,"228",111,13,2,205
"211",0,0,0.375,1,1.05615874434617,"229",113,13,2,210
"212",7,0,0.875,1,1.05615874434617,"230",113,13,2,210
"213",7,0,0.5,1,1.05615874434617,"231",110,13,2,202
"214",1,0,0.5,1,1.05615874434617,"232",110,13,2,202
"215",4,0,0.75,0,1.05615874434617,"233",109,13,2,197
"216",2,0,0.625,0,1.34387832136292,"234",117,14,2,215
"217",0,0,0.375,1,1.34387832136292,"235",117,14,2,215
"218",3,0,0.875,0,1.34387832136292,"236",115,14,2,212
"219",0,0,0.5,0,1.34387832136292,"237",108,14,2,194
"220",10,0,0.5,0,1.34387832136292,"238",116,14,2,214
"221",3,0,0.5,1,1.34387832136292,"239",116,14,2,214
"222",0,0,0.875,1,1.34387832136292,"240",112,14,2,207
"223",9,0,0.5,0,-2.39647617985483,"242",118,1,3,216
"224",11,0,0.75,0,-1.24559787178783,"244",119,5,3,219
"225",13,0,0.5,0,-1.53331744880458,"245",118,4,3,217
"226",6,0,1,0,-1.24559787178783,"246",120,5,3,225
"227",6,0,0.5,1,-1.53331744880458,"250",118,4,3,217
"228",0,0,1,0,-1.82103702582133,"251",49,3,3,118
"229",0,0,1,0,-2.10875660283808,"252",50,2,3,119
"230",7,0,1,0,-1.24559787178783,"253",51,5,3,120
"231",0,0,0.375,1,1.34387832136292,"254",121,14,3,234
"232",6,0,0.75,1,-0.957878294771084,"255",119,6,3,220
"233",0,0,1,1,-0.670158717754334,"256",118,7,3,218
"234",0,0,0.25,1,-0.957878294771084,"257",119,6,3,220
"235",0,0,1,1,-0.382439140737584,"258",52,8,3,121
"236",8,0,0.75,1,-0.382439140737584,"259",119,8,3,221
"237",0,0,0.25,0,-0.382439140737584,"260",119,8,3,221
"238",0,0,0.375,1,-0.382439140737584,"261",121,8,3,229
"239",0,0,0.5,0,-0.382439140737584,"262",124,8,3,242
"240",0,0,0.75,1,-0.382439140737584,"263",122,8,3,235
"241",0,0,0.25,1,-0.382439140737584,"264",122,8,3,235
"242",0,0,1,1,-0.382439140737584,"265",120,8,3,226
"243",0,0,1,0,-0.0947195637208342,"266",123,9,3,238
"244",0,0,0.5,0,-0.0947195637208342,"267",123,9,3,238
"245",0,0,1,0,-0.0947195637208342,"268",124,9,3,243
"246",1,0,1,0,-0.0947195637208342,"269",124,9,3,243
"247",0,0,0.75,0,-0.0947195637208342,"270",119,9,3,222
"248",2,0,0.75,0,-0.0947195637208342,"271",119,9,3,222
"249",10,0,0.875,0,-0.0947195637208342,"272",121,9,3,230
"250",0,0,1,0,0.193000013295916,"273",120,10,3,227
"251",12,0,0.75,0,0.193000013295916,"274",122,10,3,236
"252",8,0,0.75,1,0.193000013295916,"275",122,10,3,236
"253",0,0,0.5,0,0.193000013295916,"276",123,10,3,239
"254",0,0,0.75,1,0.480719590312666,"277",119,11,3,223
"255",4,0,1,0,0.480719590312666,"278",124,11,3,244
"256",2,0,1,0,0.480719590312666,"279",124,11,3,244
"257",2,0,0.875,0,0.480719590312666,"280",121,11,3,231
"258",0,0,0.375,0,0.768439167329415,"281",121,12,3,232
"259",13,0,0.75,0,0.768439167329415,"282",122,12,3,237
"260",0,0,1,0,0.768439167329415,"283",123,12,3,240
"261",4,0,1,0,0.768439167329415,"284",120,12,3,228
"262",0,0,0.25,1,0.768439167329415,"285",122,12,3,237
"263",1,0,1,0,0.768439167329415,"286",120,12,3,228
"264",4,0,0.75,1,1.05615874434617,"287",119,13,3,224
"265",0,0,0.875,1,1.05615874434617,"288",121,13,3,233
"266",2,0,1,0,1.05615874434617,"289",124,13,3,245
"267",0,0,1,1,1.05615874434617,"290",124,13,3,245
"268",0,0,1,1,1.34387832136292,"291",125,14,3,246
"269",0,0,0.9375,1,1.34387832136292,"292",126,14,3,247
"270",4,0,1,0,1.34387832136292,"293",123,14,3,241
"271",0,0,1,1,1.34387832136292,"294",123,14,3,241
"272",0,0,0.9375,1,1.34387832136292,"295",126,14,3,247
"273",0,0,0.375,1,1.34387832136292,"296",121,14,3,234
"274",0,0,0.4375,1,1.34387832136292,"297",127,14,3,248
"275",0,0,0.4375,1,1.34387832136292,"298",127,14,3,248
"276",14,0,1,0,-1.82103702582133,"302",134,3,4,273
"277",9,0,1,0,-1.82103702582133,"308",53,3,4,122
"278",8,0,0.5,0,-1.82103702582133,"309",128,3,4,249
"279",7,0,1,0,-1.82103702582133,"311",129,3,4,252
"280",5,0,1,0,-1.82103702582133,"312",54,3,4,123
"281",9,0,1,0,-1.82103702582133,"313",56,3,4,124
"282",1,0,1,1,-1.82103702582133,"318",134,3,4,273
"283",4,0,0.5,1,-1.82103702582133,"319",135,3,4,275
"284",0,0,1,1,-1.53331744880458,"320",57,4,4,125
"285",0,0,1,1,-1.53331744880458,"322",58,4,4,127
"286",0,0,0.5,1,-1.24559787178783,"323",128,5,4,250
"287",0,0,0.5,1,-1.24559787178783,"324",128,5,4,250
"288",9,0,1,1,-1.53331744880458,"325",129,4,4,253
"289",6,0,1,1,-1.53331744880458,"326",132,4,4,269
"290",10,0,1,0,-1.24559787178783,"327",139,5,4,300
"291",0,0,0.5,0,-1.24559787178783,"328",139,5,4,300
"292",4,0,1,1,-1.24559787178783,"329",135,5,4,276
"293",9,0,1,0,-1.24559787178783,"330",135,5,4,276
"294",14,0,1,0,-1.53331744880458,"331",134,4,4,274
"295",4,0,1,1,-1.53331744880458,"332",130,4,4,260
"296",9,0,1,1,-1.24559787178783,"333",131,5,4,261
"297",0,0,0.5,1,-1.24559787178783,"334",133,5,4,272
"298",0,0,0.5,1,-1.24559787178783,"335",133,5,4,272
"299",3,0,1,1,-1.24559787178783,"336",136,5,4,282
"300",0,0,1,0,-0.957878294771084,"337",141,6,4,308
"301",3,0,1,1,-0.957878294771084,"338",140,6,4,302
"302",3,0,1,0,-0.957878294771084,"339",129,6,4,254
"303",0,0,1,0,-0.957878294771084,"340",129,6,4,254
"304",0,0,0.25,0,-0.957878294771084,"341",138,6,4,295
"305",0,0,1,1,-0.957878294771084,"342",142,6,4,311
"306",0,0,1,1,-0.957878294771084,"343",142,6,4,311
"307",8,0,1,0,-0.957878294771084,"344",131,6,4,262
"308",16,0,1,0,-0.957878294771084,"345",131,6,4,262
"309",0,0,0.5,1,-0.957878294771084,"346",132,6,4,270
"310",0,0,0.5,1,-0.957878294771084,"347",132,6,4,270
"311",8,0,1,0,-0.957878294771084,"348",135,6,4,277
"312",0,0,1,1,-0.957878294771084,"349",135,6,4,277
"313",0,0,0.75,1,-0.670158717754334,"350",138,7,4,296
"314",6,0,1,1,-0.957878294771084,"351",132,6,4,270
"315",0,0,1,1,-0.957878294771084,"352",132,6,4,270
"316",0,0,0.5,0,-0.957878294771084,"353",137,6,4,288
"317",1,0,1,1,-0.670158717754334,"354",145,7,4,325
"318",2,0,1,0,-0.670158717754334,"355",139,7,4,301
"319",0,0,0.5,1,-0.670158717754334,"356",128,7,4,251
"320",6,0,1,0,-0.670158717754334,"357",136,7,4,283
"321",11,0,1,1,-0.670158717754334,"358",136,7,4,283
"322",0,0,1,1,-0.670158717754334,"359",131,7,4,263
"323",0,0,1,1,-0.670158717754334,"360",131,7,4,263
"324",1,0,1,0,-0.670158717754334,"361",137,7,4,289
"325",0,0,0.5,0,-0.670158717754334,"362",141,7,4,309
"326",0,0,1,1,-0.670158717754334,"363",141,7,4,309
"327",1,0,1,0,-0.382439140737584,"364",140,8,4,303
"328",11,0,1,1,-0.382439140737584,"365",140,8,4,303
"329",3,0,1,0,-0.382439140737584,"366",135,8,4,278
"330",0,0,1,1,-0.382439140737584,"367",135,8,4,278
"331",4,0,1,1,-0.382439140737584,"368",142,8,4,312
"332",1,0,1,1,-0.382439140737584,"369",142,8,4,312
"333",14,0,1,1,-0.382439140737584,"370",129,8,4,255
"334",0,0,1,1,-0.382439140737584,"371",145,8,4,326
"335",2,0,1,0,-0.382439140737584,"372",131,8,4,264
"336",7,0,1,1,-0.382439140737584,"373",131,8,4,264
"337",8,0,0.5,0,-0.382439140737584,"374",138,8,4,297
"338",7,0,0.5,0,-0.382439140737584,"375",138,8,4,297
"339",0,0,1,1,-0.0947195637208342,"376",137,9,4,290
"340",1,0,1,0,-0.0947195637208342,"377",148,9,4,338
"341",8,0,1,0,-0.0947195637208342,"378",144,9,4,320
"342",6,0,1,1,-0.0947195637208342,"379",145,9,4,327
"343",2,0,1,1,-0.0947195637208342,"380",145,9,4,327
"344",10,0,0.75,0,-0.0947195637208342,"381",147,9,4,334
"345",0,0,0.75,1,-0.0947195637208342,"382",147,9,4,334
"346",6,0,1,0,-0.0947195637208342,"383",135,9,4,279
"347",0,0,1,1,-0.0947195637208342,"384",135,9,4,279
"348",0,0,0.5,0,-0.0947195637208342,"385",143,9,4,315
"349",0,0,0.5,1,-0.0947195637208342,"386",136,9,4,284
"350",0,0,0.75,0,-0.0947195637208342,"387",140,9,4,304
"351",10,0,1,0,0.193000013295916,"388",147,10,4,335
"352",0,0,1,0,0.193000013295916,"389",147,10,4,335
"353",6,0,1,1,0.193000013295916,"390",129,10,4,256
"354",0,0,1,1,0.193000013295916,"391",129,10,4,256
"355",0,0,0.75,1,0.193000013295916,"392",148,10,4,339
"356",6,0,0.75,0,0.193000013295916,"393",148,10,4,339
"357",0,0,1,1,0.193000013295916,"394",137,10,4,291
"358",3,0,0.75,0,0.193000013295916,"395",136,10,4,285
"359",0,0,0.75,1,0.193000013295916,"396",132,10,4,271
"360",0,0,0.75,1,0.193000013295916,"397",132,10,4,271
"361",6,0,1,0,0.193000013295916,"398",143,10,4,316
"362",0,0,1,1,0.193000013295916,"399",143,10,4,316
"363",0,0,0.75,0,0.193000013295916,"400",141,10,4,310
"364",0,0,0.75,1,0.193000013295916,"401",141,10,4,310
"365",13,0,0.75,0,-0.0947195637208342,"402",131,9,4,265
"366",0,0,0.75,0,-0.0947195637208342,"403",131,9,4,265
"367",4,0,0.75,0,0.193000013295916,"404",146,10,4,332
"368",0,0,0.75,1,0.193000013295916,"405",146,10,4,332
"369",0,0,0.75,1,0.193000013295916,"406",145,10,4,328
"370",0,0,1,0,0.193000013295916,"407",144,10,4,321
"371",0,0,0.5,1,0.193000013295916,"408",144,10,4,321
"372",0,0,1,1,0.193000013295916,"409",149,10,4,344
"373",0,0,1,1,0.193000013295916,"410",149,10,4,344
"374",0,0,0.75,0,0.193000013295916,"411",138,10,4,298
"375",0,0,0.75,1,0.193000013295916,"412",138,10,4,298
"376",1,0,0.75,1,0.193000013295916,"413",142,10,4,313
"377",0,0,0.75,0,0.480719590312666,"414",131,11,4,266
"378",0,0,0.75,1,0.480719590312666,"415",131,11,4,266
"379",0,0,1,0,0.480719590312666,"416",150,11,4,347
"380",0,0,1,1,0.480719590312666,"417",150,11,4,347
"381",0,0,0.75,0,0.480719590312666,"418",140,11,4,305
"382",0,0,0.75,0,0.480719590312666,"419",135,11,4,280
"383",0,0,0.5,1,0.480719590312666,"420",154,11,4,352
"384",0,0,0.5,0,0.480719590312666,"421",153,11,4,351
"385",1,0,1,0,0.480719590312666,"422",147,11,4,336
"386",0,0,0.5,1,0.480719590312666,"423",147,11,4,336
"387",0,0,1,0,0.480719590312666,"424",148,11,4,340
"388",0,0,0.5,0,0.480719590312666,"425",137,11,4,292
"389",0,0,0.75,0,0.480719590312666,"426",155,11,4,355
"390",0,0,0.75,1,0.480719590312666,"427",155,11,4,355
"391",9,0,0.75,0,0.480719590312666,"428",129,11,4,257
"392",0,0,0.5,1,0.480719590312666,"429",145,11,4,329
"393",0,0,1,1,0.480719590312666,"430",145,11,4,329
"394",4,0,0.75,0,0.480719590312666,"431",152,11,4,350
"395",5,0,0.75,0,0.768439167329415,"432",143,12,4,317
"396",2,0,0.75,1,0.768439167329415,"433",144,12,4,322
"397",0,0,0.5,1,0.768439167329415,"434",144,12,4,322
"398",8,0,0.875,1,0.768439167329415,"435",131,12,4,267
"399",0,0,0.5,1,0.768439167329415,"436",148,12,4,341
"400",4,0,0.75,1,0.768439167329415,"437",154,12,4,353
"401",6,0,0.75,0,0.768439167329415,"438",146,12,4,333
"402",0,0,0.5,1,0.768439167329415,"439",151,12,4,348
"403",0,0,0.5,0,0.768439167329415,"440",149,12,4,345
"404",0,0,0.5,1,0.768439167329415,"441",149,12,4,345
"405",0,0,0.5,0,0.768439167329415,"442",158,12,4,359
"406",14,0,0.75,1,0.768439167329415,"443",140,12,4,306
"407",0,0,0.75,1,0.768439167329415,"444",145,12,4,330
"408",6,0,0.75,1,0.768439167329415,"445",145,12,4,330
"409",19,0,0.75,0,0.768439167329415,"446",147,12,4,337
"410",12,0,0.75,0,0.768439167329415,"447",147,12,4,337
"411",0,0,0.25,1,0.768439167329415,"448",138,12,4,299
"412",0,0,0.25,1,0.768439167329415,"449",138,12,4,299
"413",0,0,0.5,1,0.768439167329415,"450",135,12,4,281
"414",0,0,0.5,0,0.768439167329415,"451",136,12,4,286
"415",0,0,0.5,0,0.768439167329415,"452",136,12,4,286
"416",0,0,0.75,1,1.05615874434617,"453",160,13,4,361
"417",0,0,0.375,0,1.05615874434617,"454",163,13,4,367
"418",0,0,0.5,0,1.05615874434617,"455",149,13,4,346
"419",0,0,0.5,0,1.05615874434617,"456",149,13,4,346
"420",0,0,0.25,1,1.05615874434617,"457",156,13,4,356
"421",0,0,0.5,1,1.05615874434617,"458",142,13,4,314
"422",6,0,0.875,0,1.05615874434617,"459",148,13,4,342
"423",0,0,0.75,0,1.05615874434617,"460",129,13,4,258
"424",0,0,0.5,1,1.05615874434617,"461",129,13,4,258
"425",0,0,0.75,1,1.05615874434617,"462",131,13,4,268
"426",0,0,0.75,1,1.05615874434617,"463",131,13,4,268
"427",0,0,0.5,0,1.05615874434617,"464",136,13,4,287
"428",0,0,0.75,0,1.05615874434617,"465",159,13,4,360
"429",2,0,0.875,0,1.05615874434617,"466",151,13,4,349
"430",0,0,0.5,1,1.05615874434617,"467",151,13,4,349
"431",2,0,1,1,1.05615874434617,"468",144,13,4,323
"432",0,0,1,1,1.05615874434617,"469",144,13,4,323
"433",0,0,0.5,0,1.05615874434617,"470",162,13,4,365
"434",0,0,0.75,1,1.05615874434617,"471",162,13,4,365
"435",0,0,0.875,0,1.05615874434617,"472",149,13,4,346
"436",0,0,0.5,1,1.05615874434617,"473",149,13,4,346
"437",0,0,0.5,1,1.05615874434617,"474",137,13,4,293
"438",0,0,0.5,0,1.05615874434617,"475",137,13,4,293
"439",0,0,0.375,0,1.05615874434617,"476",163,13,4,367
"440",0,0,0.375,0,1.05615874434617,"477",160,13,4,361
"441",0,0,0.5,0,1.05615874434617,"478",145,13,4,331
"442",0,0,0.5,0,1.05615874434617,"479",145,13,4,331
"443",0,0,0.375,1,1.05615874434617,"480",160,13,4,361
"444",0,0,1,1,1.05615874434617,"481",154,13,4,354
"445",0,0,0.5,1,1.05615874434617,"482",161,13,4,363
"446",0,0,0.5,0,1.05615874434617,"483",142,13,4,314
"447",5,0,0.875,1,1.05615874434617,"484",142,13,4,314
"448",0,0,0.5,0,1.05615874434617,"485",143,13,4,318
"449",0,0,0.75,0,1.34387832136292,"486",157,14,4,358
"450",4,0,0.75,0,1.34387832136292,"487",163,14,4,368
"451",0,0,0.375,1,1.34387832136292,"488",163,14,4,368
"452",0,0,0.25,0,1.34387832136292,"489",156,14,4,357
"453",0,0,0.25,0,1.34387832136292,"490",156,14,4,357
"454",5,0,0.75,0,1.34387832136292,"491",160,14,4,362
"455",0,0,0.5,0,1.34387832136292,"492",143,14,4,319
"456",0,0,0.75,0,1.34387832136292,"493",143,14,4,319
"457",0,0,0.5,0,1.34387832136292,"494",148,14,4,343
"458",0,0,0.5,0,1.34387832136292,"495",164,14,4,369
"459",4,0,1,0,1.34387832136292,"496",140,14,4,307
"460",0,0,1,0,1.34387832136292,"497",137,14,4,294
"461",0,0,1,1,1.34387832136292,"498",137,14,4,294
"462",6,0,1,0,1.34387832136292,"499",161,14,4,364
"463",8,0,1,1,1.34387832136292,"500",161,14,4,364
"464",0,0,0.5,1,1.34387832136292,"501",129,14,4,259
"465",5,0,1,0,1.34387832136292,"502",148,14,4,343
"466",0,0,1,1,1.34387832136292,"503",148,14,4,343
"467",4,0,0.75,0,1.34387832136292,"504",144,14,4,324
"468",0,0,0.75,0,1.34387832136292,"505",162,14,4,366
"469",0,0,0.75,1,1.34387832136292,"506",162,14,4,366
"470",15,0,1,0,-2.39647617985483,"511",59,1,5,128
"471",9,0,0.5,0,-1.82103702582133,"513",167,3,5,374
"472",14,0,0.5,0,-2.39647617985483,"515",165,1,5,370
"473",0,0,1,0,-1.82103702582133,"519",60,3,5,129
"474",8,0,0.5,0,-1.82103702582133,"521",175,3,5,415
"475",2,0,1,1,-1.82103702582133,"523",167,3,5,374
"476",2,0,1,1,-1.82103702582133,"524",61,3,5,130
"477",3,0,1,0,-1.82103702582133,"525",173,3,5,409
"478",0,0,1,1,-2.10875660283808,"526",62,2,5,131
"479",6,0,1,1,-2.10875660283808,"528",63,2,5,132
"480",0,0,1,1,-2.10875660283808,"529",64,2,5,133
"481",0,0,1,1,-2.10875660283808,"530",65,2,5,134
"482",15,0,0.5,1,-2.10875660283808,"531",168,2,5,376
"483",7,0,1,1,-2.10875660283808,"533",67,2,5,135
"484",0,0,1,1,-2.10875660283808,"534",68,2,5,136
"485",0,0,0.5,1,-1.53331744880458,"535",174,4,5,414
"486",4,0,1,0,-1.53331744880458,"536",166,4,5,372
"487",9,0,1,0,-1.53331744880458,"537",167,4,5,375
"488",0,0,0.5,1,-1.53331744880458,"538",167,4,5,375
"489",0,0,1,1,-1.53331744880458,"539",165,4,5,371
"490",0,0,0.5,1,-1.53331744880458,"540",165,4,5,371
"491",0,0,0.5,0,-1.53331744880458,"541",168,4,5,377
"492",10,0,0.5,1,-1.53331744880458,"542",170,4,5,388
"493",10,0,0.5,0,-1.53331744880458,"543",170,4,5,388
"494",0,0,0.5,0,-1.53331744880458,"544",175,4,5,416
"495",0,0,0.5,0,-1.53331744880458,"545",175,4,5,416
"496",14,0,0.75,0,-1.53331744880458,"546",172,4,5,401
"497",2,0,0.5,1,-1.53331744880458,"547",173,4,5,410
"498",0,0,0.5,1,-1.53331744880458,"548",169,4,5,380
"499",0,0,0.5,1,-1.24559787178783,"549",170,5,5,389
"500",0,0,0.25,0,-1.24559787178783,"550",171,5,5,395
"501",0,0,0.5,1,-1.24559787178783,"551",168,5,5,378
"502",9,0,0.5,1,-1.24559787178783,"552",176,5,5,420
"503",9,0,1,0,-0.957878294771084,"553",170,6,5,390
"504",17,0,1,0,-0.957878294771084,"554",170,6,5,390
"505",14,0,0.25,0,-0.957878294771084,"555",171,6,5,396
"506",0,0,1,1,-0.957878294771084,"556",169,6,5,381
"507",0,0,1,1,-0.957878294771084,"557",169,6,5,381
"508",0,0,1,0,-0.957878294771084,"558",173,6,5,411
"509",6,0,1,1,-0.957878294771084,"559",173,6,5,411
"510",0,0,0.5,0,-0.957878294771084,"560",175,6,5,417
"511",0,0,0.5,1,-0.957878294771084,"561",175,6,5,417
"512",0,0,1,1,-0.957878294771084,"562",178,6,5,427
"513",0,0,0.25,0,-0.957878294771084,"563",172,6,5,402
"514",0,0,0.25,0,-0.957878294771084,"564",172,6,5,402
"515",0,0,1,0,-0.957878294771084,"565",166,6,5,373
"516",0,0,1,1,-0.957878294771084,"566",166,6,5,373
"517",0,0,0.5,0,-0.957878294771084,"567",178,6,5,427
"518",0,0,0.75,0,-0.957878294771084,"568",177,6,5,422
"519",0,0,0.75,1,-0.957878294771084,"569",177,6,5,422
"520",1,0,1,0,-0.957878294771084,"570",168,6,5,379
"521",3,0,0.5,1,-0.670158717754334,"571",178,7,5,428
"522",0,0,0.75,1,-0.670158717754334,"572",172,7,5,403
"523",1,0,1,0,-0.670158717754334,"573",169,7,5,382
"524",0,0,1,0,-0.670158717754334,"574",169,7,5,382
"525",0,0,1,0,-0.670158717754334,"575",175,7,5,418
"526",0,0,1,1,-0.670158717754334,"576",175,7,5,418
"527",17,0,1,0,-0.670158717754334,"577",170,7,5,391
"528",0,0,1,1,-0.670158717754334,"578",170,7,5,391
"529",0,0,0.25,1,-0.670158717754334,"579",181,7,5,436
"530",0,0,1,1,-0.670158717754334,"580",173,7,5,412
"531",0,0,1,1,-0.670158717754334,"581",173,7,5,412
"532",0,0,0.5,1,-0.670158717754334,"582",176,7,5,421
"533",0,0,1,0,-0.670158717754334,"583",180,7,5,431
"534",0,0,1,1,-0.670158717754334,"584",180,7,5,431
"535",0,0,0.375,1,-0.382439140737584,"585",182,8,5,441
"536",0,0,0.375,1,-0.382439140737584,"586",182,8,5,441
"537",18,0,0.75,0,-0.382439140737584,"587",171,8,5,397
"538",0,0,0.75,1,-0.382439140737584,"588",171,8,5,397
"539",0,0,0.5,1,-0.382439140737584,"589",179,8,5,429
"540",0,0,0.5,1,-0.382439140737584,"590",179,8,5,429
"541",2,0,0.75,1,-0.382439140737584,"591",177,8,5,423
"542",0,0,0.25,1,-0.382439140737584,"592",177,8,5,423
"543",0,0,0.5,1,-0.382439140737584,"593",181,8,5,437
"544",12,0,0.5,1,-0.382439140737584,"594",181,8,5,437
"545",0,0,0.625,0,-0.382439140737584,"595",185,8,5,455
"546",0,0,0.625,1,-0.382439140737584,"596",185,8,5,455
"547",0,0,0.75,1,-0.382439140737584,"597",172,8,5,404
"548",0,0,0.75,1,-0.382439140737584,"598",172,8,5,404
"549",4,0,1,1,-0.382439140737584,"599",170,8,5,392
"550",0,0,1,1,-0.382439140737584,"600",170,8,5,392
"551",0,0,0.5,1,-0.382439140737584,"601",169,8,5,383
"552",13,0,1,0,-0.0947195637208342,"602",184,9,5,450
"553",10,0,0.5,0,-0.0947195637208342,"603",171,9,5,398
"554",0,0,0.5,1,-0.0947195637208342,"604",171,9,5,398
"555",0,0,0.75,0,-0.0947195637208342,"605",175,9,5,419
"556",0,0,0.75,0,-0.0947195637208342,"606",170,9,5,393
"557",8,0,0.75,0,-0.0947195637208342,"607",170,9,5,393
"558",0,0,0.5,0,-0.0947195637208342,"608",179,9,5,430
"559",0,0,0.5,1,-0.0947195637208342,"609",179,9,5,430
"560",1,0,0.75,1,-0.0947195637208342,"610",177,9,5,424
"561",0,0,0.75,1,-0.0947195637208342,"611",177,9,5,424
"562",0,0,1,0,-0.0947195637208342,"612",183,9,5,446
"563",10,0,1,1,-0.0947195637208342,"613",183,9,5,446
"564",0,0,0.75,0,-0.0947195637208342,"614",169,9,5,384
"565",0,0,0.75,0,-0.0947195637208342,"615",169,9,5,384
"566",5,0,0.5,1,-0.0947195637208342,"616",172,9,5,405
"567",0,0,0.875,1,-0.0947195637208342,"617",182,9,5,442
"568",0,0,1,1,-0.0947195637208342,"618",173,9,5,413
"569",0,0,0.5,1,-0.0947195637208342,"619",173,9,5,413
"570",0,0,0.75,0,-0.0947195637208342,"620",184,9,5,450
"571",0,0,0.75,1,-0.0947195637208342,"621",184,9,5,450
"572",0,0,0.75,1,0.193000013295916,"622",181,10,5,438
"573",0,0,0.75,1,0.193000013295916,"623",181,10,5,438
"574",1,0,0.625,1,0.193000013295916,"624",185,10,5,456
"575",0,0,0.625,1,0.193000013295916,"625",185,10,5,456
"576",0,0,1,1,0.193000013295916,"626",186,10,5,461
"577",0,0,1,1,0.193000013295916,"627",180,10,5,432
"578",1,0,1,1,0.193000013295916,"628",180,10,5,432
"579",0,0,0.75,0,0.193000013295916,"629",171,10,5,399
"580",0,0,0.75,1,0.193000013295916,"630",171,10,5,399
"581",0,0,0.875,0,0.193000013295916,"631",187,10,5,465
"582",2,0,1,0,0.193000013295916,"632",169,10,5,385
"583",0,0,1,1,0.193000013295916,"633",169,10,5,385
"584",8,0,1,0,0.480719590312666,"634",183,11,5,447
"585",15,0,1,1,0.480719590312666,"635",183,11,5,447
"586",0,0,0.5,0,0.480719590312666,"636",170,11,5,394
"587",3,0,0.75,1,0.480719590312666,"637",181,11,5,439
"588",0,0,1,0,0.480719590312666,"638",184,11,5,451
"589",0,0,1,1,0.480719590312666,"639",184,11,5,451
"590",0,0,0.25,0,0.480719590312666,"640",172,11,5,406
"591",0,0,0.25,1,0.480719590312666,"641",172,11,5,406
"592",1,0,0.875,1,0.480719590312666,"642",187,11,5,466
"593",0,0,0.375,0,0.480719590312666,"643",182,11,5,443
"594",0,0,0.375,0,0.480719590312666,"644",182,11,5,443
"595",0,0,0.5,1,0.480719590312666,"645",177,11,5,425
"596",0,0,0.125,1,0.480719590312666,"646",185,11,5,457
"597",8,0,0.75,1,0.480719590312666,"647",186,11,5,462
"598",7,0,0.75,1,0.480719590312666,"648",186,11,5,462
"599",0,0,0.5,1,0.480719590312666,"649",171,11,5,400
"600",0,0,0.5,0,0.480719590312666,"650",170,11,5,394
"601",3,0,0.625,1,0.480719590312666,"651",190,11,5,475
"602",0,0,1,0,0.768439167329415,"652",180,12,5,433
"603",0,0,0.5,0,0.768439167329415,"653",180,12,5,433
"604",0,0,0.125,1,0.768439167329415,"654",185,12,5,458
"605",8,0,0.875,0,0.768439167329415,"655",182,12,5,444
"606",0,0,0.875,0,0.768439167329415,"656",182,12,5,444
"607",11,0,1,1,0.768439167329415,"657",188,12,5,470
"608",0,0,0.75,1,0.768439167329415,"658",172,12,5,407
"609",0,0,0.75,0,0.768439167329415,"659",184,12,5,452
"610",7,0,0.75,1,0.768439167329415,"660",184,12,5,452
"611",9,0,0.5,1,0.768439167329415,"661",189,12,5,473
"612",0,0,0.75,1,0.768439167329415,"662",172,12,5,407
"613",0,0,0.75,1,0.768439167329415,"663",172,12,5,407
"614",0,0,0.875,0,0.768439167329415,"664",187,12,5,467
"615",0,0,0.375,0,0.768439167329415,"665",187,12,5,467
"616",0,0,1,0,0.768439167329415,"666",169,12,5,386
"617",0,0,0.5,1,0.768439167329415,"667",169,12,5,386
"618",3,0,0.75,1,0.768439167329415,"668",183,12,5,448
"619",0,0,0.5,1,0.768439167329415,"669",183,12,5,448
"620",0,0,0.25,0,1.05615874434617,"670",177,13,5,426
"621",0,0,0.75,0,1.05615874434617,"671",186,13,5,463
"622",0,0,0.75,1,1.05615874434617,"672",186,13,5,463
"623",0,0,0.125,1,1.05615874434617,"673",185,13,5,459
"624",0,0,0.875,1,1.05615874434617,"674",190,13,5,476
"625",0,0,0.875,1,1.05615874434617,"675",180,13,5,434
"626",0,0,0.5,0,1.05615874434617,"676",188,13,5,471
"627",0,0,1,0,1.05615874434617,"677",188,13,5,471
"628",12,0,0.625,1,1.05615874434617,"678",187,13,5,468
"629",3,0,0.75,0,1.05615874434617,"679",181,13,5,440
"630",0,0,0.75,1,1.05615874434617,"680",181,13,5,440
"631",0,0,0.5,0,1.05615874434617,"681",184,13,5,453
"632",2,0,0.875,1,1.05615874434617,"682",184,13,5,453
"633",0,0,0.25,0,1.05615874434617,"683",189,13,5,474
"634",10,0,0.625,1,1.05615874434617,"684",189,13,5,474
"635",1,0,1,1,1.05615874434617,"685",169,13,5,387
"636",5,0,0.875,0,1.05615874434617,"686",182,13,5,445
"637",0,0,0.875,1,1.05615874434617,"687",182,13,5,445
"638",4,0,0.625,0,1.34387832136292,"688",185,14,5,460
"639",0,0,0.75,1,1.34387832136292,"689",172,14,5,408
"640",4,0,0.75,0,1.34387832136292,"690",183,14,5,449
"641",0,0,1,0,1.34387832136292,"691",183,14,5,449
"642",4,0,0.75,0,1.34387832136292,"692",190,14,5,477
"643",5,0,0.75,0,1.34387832136292,"693",190,14,5,477
"644",19,0,0.75,1,1.34387832136292,"694",172,14,5,408
"645",0,0,1,1,1.34387832136292,"695",191,14,5,478
"646",4,0.0625,0.75,0,1.34387832136292,"696",186,14,5,464
"647",7,0,0.875,0,1.34387832136292,"697",186,14,5,464
"648",7,0,0.75,1,1.34387832136292,"698",188,14,5,472
"649",0,0,0.5,0,1.34387832136292,"699",188,14,5,472
"650",0,0,0.875,0,1.34387832136292,"700",180,14,5,435
"651",0,0,0.875,1,1.34387832136292,"701",180,14,5,435
"652",4,0,1,0,1.34387832136292,"702",184,14,5,454
"653",9,0,1,0,1.34387832136292,"703",184,14,5,454
"654",0,0,0.75,0,1.34387832136292,"704",187,14,5,469
"655",0,0,0.375,0,1.34387832136292,"705",187,14,5,469
"656",5,0,1,0,-2.39647617985483,"706",69,1,6,138
"657",6,0,0.5,0,-1.82103702582133,"711",196,3,6,492
"658",2,0,1,0,-1.82103702582133,"712",70,3,6,139
"659",0,0,1,1,-1.82103702582133,"713",71,3,6,140
"660",0,0,1,1,-1.82103702582133,"714",72,3,6,141
"661",4,0,0.5,1,-1.82103702582133,"715",196,3,6,492
"662",1,0,1,1,-2.39647617985483,"716",73,1,6,142
"663",14,0,0.5,1,-1.82103702582133,"718",195,3,6,487
"664",2,0,1,1,-1.53331744880458,"719",74,4,6,143
"665",9,0,0.5,1,-1.53331744880458,"720",195,4,6,488
"666",0,0,0.5,0,-1.53331744880458,"721",194,4,6,483
"667",0,0,0.5,1,-1.53331744880458,"722",193,4,6,482
"668",3,0,1,1,-0.957878294771084,"723",194,6,6,484
"669",0,0,1,1,-0.957878294771084,"724",194,6,6,484
"670",0,0,1,0,-0.957878294771084,"725",75,6,6,144
"671",0,0,1,0,-0.957878294771084,"726",76,6,6,145
"672",0,0,0.5,1,-0.957878294771084,"727",198,6,6,498
"673",19,0,1,0,-0.957878294771084,"728",195,6,6,489
"674",0,0,1,1,-0.957878294771084,"729",195,6,6,489
"675",9,0,1,0,-0.957878294771084,"730",196,6,6,493
"676",0,0,0.5,1,-0.957878294771084,"731",196,6,6,493
"677",0,0,0.5,0,-0.670158717754334,"732",192,7,6,479
"678",0,0,1,1,-0.670158717754334,"733",192,7,6,479
"679",0,0,0.75,1,-0.670158717754334,"734",197,7,6,494
"680",5,0,0.75,1,-0.670158717754334,"735",197,7,6,494
"681",0,0,0.5,1,-0.670158717754334,"736",198,7,6,499
"682",0,0,0.5,0,-0.382439140737584,"737",195,8,6,490
"683",3,0,0.75,0,-0.382439140737584,"738",195,8,6,490
"684",2,0,1,0,-0.382439140737584,"739",192,8,6,480
"685",0,0,0.5,1,-0.382439140737584,"740",192,8,6,480
"686",0,0,0.25,1,-0.382439140737584,"741",197,8,6,495
"687",0,0,0.25,1,-0.382439140737584,"742",197,8,6,495
"688",12,0,0.75,0,-0.0947195637208342,"743",194,9,6,485
"689",8,0,0.75,1,-0.0947195637208342,"744",194,9,6,485
"690",0,0,1,1,-0.0947195637208342,"745",192,9,6,481
"691",13,0,1,0,-0.0947195637208342,"746",199,9,6,500
"692",1,0,0.75,0,-0.0947195637208342,"747",197,9,6,496
"693",1,0,1,0,0.193000013295916,"748",195,10,6,491
"694",6,0,0.75,0,0.193000013295916,"749",194,10,6,486
"695",5,0,0.75,1,0.193000013295916,"750",194,10,6,486
"696",7,0,0.875,0,0.193000013295916,"751",201,10,6,506
"697",0,0,0.75,0,0.193000013295916,"752",200,10,6,504
"698",0,0,1,1,0.193000013295916,"753",200,10,6,504
"699",0,0,0.75,0,0.480719590312666,"754",197,11,6,497
"700",7,0,0.75,1,0.480719590312666,"755",199,11,6,501
"701",0,0,0.75,1,0.480719590312666,"756",199,11,6,501
"702",6,0,0.75,0,0.768439167329415,"757",204,12,6,510
"703",4,0,0.75,1,0.768439167329415,"758",204,12,6,510
"704",2,0,1,0,0.768439167329415,"759",202,12,6,508
"705",0,0,1,1,0.768439167329415,"760",202,12,6,508
"706",0,0,0.375,0,0.768439167329415,"761",201,12,6,507
"707",0,0,0.375,1,0.768439167329415,"762",201,12,6,507
"708",8,0,1,1,1.05615874434617,"763",199,13,6,502
"709",4,0,1,0,1.05615874434617,"764",200,13,6,505
"710",4,0,0.875,1,1.34387832136292,"765",203,14,6,509
"711",0,0,0.875,0,1.05615874434617,"766",205,13,6,512
"712",6,0,0.875,0,1.34387832136292,"767",199,14,6,503
"713",11,0,0.875,0,1.34387832136292,"768",199,14,6,503
"714",6,0,0.6875,1,1.34387832136292,"769",207,14,6,514
"715",5,0.0625,1,0,1.34387832136292,"770",204,14,6,511
"716",0,0,0.5,1,1.34387832136292,"771",204,14,6,511
"717",0,0,0.875,0,1.34387832136292,"772",206,14,6,513
"718",0,0,0.5,1,-2.10875660283808,"777",210,2,7,517
"719",4,0,1,1,-2.10875660283808,"778",78,2,7,146
"720",0,0,0.5,1,-1.82103702582133,"779",209,3,7,516
"721",0,0,1,1,-2.10875660283808,"780",79,2,7,147
"722",3,0,1,1,-1.24559787178783,"781",80,5,7,149
"723",8,0,1,0,-0.670158717754334,"782",208,7,7,515
"724",1,0,0.75,0,-0.670158717754334,"783",15,7,7,61
"725",10,0,0.75,0,-0.670158717754334,"784",15,7,7,61
"726",3,0,1,1,-0.670158717754334,"785",7,7,7,27
"727",13,0,1,0,-0.382439140737584,"786",14,8,7,57
"728",2,0,1,1,-0.382439140737584,"787",14,8,7,57
"729",1,0,1,1,-0.670158717754334,"788",81,7,7,150
"730",0,0,0.75,0,-0.0947195637208342,"789",15,9,7,62
"731",0,0,0.75,0,-0.0947195637208342,"790",15,9,7,62
"732",2,0,1,1,-0.0947195637208342,"791",7,9,7,28
"733",0,0,1,0,-0.0947195637208342,"792",14,9,7,58
"734",7,0,1,1,-0.0947195637208342,"793",14,9,7,58
"735",0,0,0.75,1,0.193000013295916,"794",15,10,7,63
"736",0,0,0.25,1,0.193000013295916,"795",15,10,7,63
"737",0,0,0.875,1,0.193000013295916,"796",212,10,7,519
"738",0,0,0.5,1,0.193000013295916,"797",211,10,7,518
"739",0,0,0.5,1,0.193000013295916,"798",211,10,7,518
"740",0,0,0.375,1,0.193000013295916,"799",213,10,7,520
"741",0,0,1,1,0.480719590312666,"800",7,11,7,29
"742",5,0,1,1,0.480719590312666,"801",7,11,7,29
"743",0,0,0.375,1,0.768439167329415,"802",213,12,7,521
"744",0,0,0.25,0,0.768439167329415,"803",15,12,7,64
"745",0,0,0.25,1,0.768439167329415,"804",15,12,7,64
"746",19,0,1,0,0.480719590312666,"805",14,11,7,59
"747",0,0,0.5,1,0.768439167329415,"806",14,12,7,60
"748",0,0,0.5,1,0.768439167329415,"807",14,12,7,60
"749",0,0,0.25,1,1.05615874434617,"808",15,13,7,65
"750",0,0,0.25,0,1.05615874434617,"809",15,13,7,65
"751",0,0,0.5,1,1.05615874434617,"810",214,13,7,523
"752",0,0,0.5,0,1.05615874434617,"811",214,13,7,523
"753",0,0,0.75,0,1.05615874434617,"812",213,13,7,522
"754",3,0,0.75,1,1.05615874434617,"813",213,13,7,522
"755",1,0,1,1,1.05615874434617,"814",7,13,7,30
"756",0,0,0.5,1,1.05615874434617,"815",7,13,7,30
"757",8,0,0.75,0,1.34387832136292,"816",15,14,7,66
"758",4,0,0.75,1,1.34387832136292,"817",15,14,7,66
"759",0,0,1,0,1.34387832136292,"818",214,14,7,524
"760",0,0,0.875,0,1.34387832136292,"819",215,14,7,525
"761",2,0,1,0,-2.39647617985483,"820",82,1,8,151
"762",6,0,1,0,-0.957878294771084,"821",83,6,8,152
"763",2,0,1,0,-2.39647617985483,"822",84,1,8,153
"764",1,0,1,0,-1.82103702582133,"823",85,3,8,154
"765",1,0,1,0,-0.670158717754334,"824",86,7,8,155
"766",3,0,0.5,0,-0.957878294771084,"825",218,6,8,530
"767",0,0,1,1,-0.957878294771084,"826",87,6,8,156
"768",7,0,1,0,-1.53331744880458,"827",89,4,8,157
"769",13,0,1,0,-0.957878294771084,"828",90,6,8,158
"770",4,0,1,1,-1.53331744880458,"829",91,4,8,160
"771",1,0,1,1,-1.53331744880458,"830",92,4,8,161
"772",0,0,0.5,1,-1.24559787178783,"831",216,5,8,526
"773",0,0,0.5,0,-1.24559787178783,"832",216,5,8,526
"774",2,0,0.5,0,-0.382439140737584,"833",222,8,8,536
"775",0,0,1,1,-0.670158717754334,"834",93,7,8,162
"776",8,0,0.5,0,-0.382439140737584,"835",222,8,8,536
"777",0,0,0.5,0,-0.0947195637208342,"836",219,9,8,532
"778",0,0,0.5,0,-0.0947195637208342,"837",218,9,8,531
"779",0,0,0.75,0,-0.0947195637208342,"838",217,9,8,527
"780",0,0,0.5,1,-0.0947195637208342,"839",217,9,8,527
"781",0,0,1,1,-0.0947195637208342,"840",94,9,8,163
"782",8,0,1,1,-0.0947195637208342,"841",95,9,8,164
"783",2,0,1,0,-0.0947195637208342,"842",96,9,8,165
"784",0,0,0.5,1,0.193000013295916,"843",223,10,8,539
"785",0,0,0.5,0,0.480719590312666,"844",217,11,8,528
"786",0,0,0.5,0,0.480719590312666,"845",217,11,8,528
"787",0,0,0.75,1,0.480719590312666,"846",221,11,8,534
"788",0,0,0.5,0,0.480719590312666,"847",222,11,8,537
"789",0,0,0.5,0,0.480719590312666,"848",222,11,8,537
"790",1,0,1,1,0.480719590312666,"849",220,11,8,533
"791",6,0,1,0,0.193000013295916,"850",97,10,8,166
"792",0,0,1,1,0.768439167329415,"851",98,12,8,167
"793",0,0,1,1,0.768439167329415,"852",100,12,8,168
"794",0,0,1,0,0.768439167329415,"853",101,12,8,169
"795",8,0,1,0,0.768439167329415,"854",223,12,8,540
"796",0,0,0.5,1,1.05615874434617,"855",222,13,8,538
"797",0,0,0.5,1,1.05615874434617,"856",222,13,8,538
"798",0,0,0.25,0,0.768439167329415,"857",221,12,8,535
"799",3,0,0.5,1,0.768439167329415,"858",221,12,8,535
"800",6,0,0.75,0,1.05615874434617,"859",217,13,8,529
"801",0,0,0.75,1,1.05615874434617,"860",217,13,8,529
"802",0,0,0.625,1,1.05615874434617,"861",224,13,8,542
"803",7,0,0.625,0,1.05615874434617,"862",224,13,8,542
"804",0,0,1,0,1.05615874434617,"863",225,13,8,543
"805",0,0,0.5,0,1.05615874434617,"864",225,13,8,543
"806",0,0,1,0,1.05615874434617,"865",102,13,8,171
"807",7,0,1,1,1.34387832136292,"866",223,14,8,541
"808",0,0,0.5,1,1.34387832136292,"867",223,14,8,541
